STNAME,CTYNAME,POPESTIMATE2023
Alabama,Autauga County,60342
Alabama,Baldwin County,253507
Alabama,Barbour County,24585
Alabama,Bibb County,21868
Alabama,Blount County,59816
Alabama,Bullock County,9897
Alabama,Butler County,18382
Alabama,Calhoun County,116429
Alabama,Chambers County,34079
Alabama,Cherokee County,25666
Alabama,Chilton County,46431
Alabama,Choctaw County,12252
Alabama,Clarke County,22337
Alabama,Clay County,14111
Alabama,Cleburne County,15639
Alabama,Coffee County,55643
Alabama,Colbert County,58361
Alabama,Conecuh County,11174
Alabama,Coosa County,10268
Alabama,Covington County,37952
Alabama,Crenshaw County,13101
Alabama,Cullman County,92016
Alabama,Dale County,49871
Alabama,Dallas County,36165
Alabama,DeKalb County,72569
Alabama,Elmore County,90441
Alabama,Escambia County,36558
Alabama,Etowah County,103241
Alabama,Fayette County,15967
Alabama,Franklin County,31802
Alabama,Geneva County,26988
Alabama,Greene County,7341
Alabama,Hale County,14888
Alabama,Henry County,17899
Alabama,Houston County,108462
Alabama,Jackson County,53467
Alabama,Jefferson County,662895
Alabama,Lamar County,13661
Alabama,Lauderdale County,96814
Alabama,Lawrence County,33502
Alabama,Lee County,183215
Alabama,Limestone County,114654
Alabama,Lowndes County,9717
Alabama,Macon County,18370
Alabama,Madison County,412600
Alabama,Marengo County,18684
Alabama,Marion County,29244
Alabama,Marshall County,100756
Alabama,Mobile County,411640
Alabama,Monroe County,19229
Alabama,Montgomery County,224980
Alabama,Morgan County,125133
Alabama,Perry County,7738
Alabama,Pickens County,18688
Alabama,Pike County,33137
Alabama,Randolph County,22786
Alabama,Russell County,58744
Alabama,St. Clair County,95552
Alabama,Shelby County,233000
Alabama,Sumter County,11727
Alabama,Talladega County,81132
Alabama,Tallapoosa County,40677
Alabama,Tuscaloosa County,237373
Alabama,Walker County,64728
Alabama,Washington County,15022
Alabama,Wilcox County,9944
Alabama,Winston County,23611
Alaska,Aleutians East Borough,3461
Alaska,Aleutians West Census Area,5160
Alaska,Anchorage Municipality,286075
Alaska,Bethel Census Area,18224
Alaska,Bristol Bay Borough,844
Alaska,Chugach Census Area,6769
Alaska,Copper River Census Area,2674
Alaska,Denali Borough,1584
Alaska,Dillingham Census Area,4607
Alaska,Fairbanks North Star Borough,94840
Alaska,Haines Borough,2070
Alaska,Hoonah-Angoon Census Area,2262
Alaska,Juneau City and Borough,31555
Alaska,Kenai Peninsula Borough,61223
Alaska,Ketchikan Gateway Borough,13738
Alaska,Kodiak Island Borough,12565
Alaska,Kusilvak Census Area,8001
Alaska,Lake and Peninsula Borough,1331
Alaska,Matanuska-Susitna Borough,115239
Alaska,Nome Census Area,9763
Alaska,North Slope Borough,10603
Alaska,Northwest Arctic Borough,7361
Alaska,Petersburg Borough,3427
Alaska,Prince of Wales-Hyder Census Area,5696
Alaska,Sitka City and Borough,8282
Alaska,Skagway Municipality,1095
Alaska,Southeast Fairbanks Census Area,7077
Alaska,Wrangell City and Borough,2064
Alaska,Yakutat City and Borough,687
Alaska,Yukon-Koyukuk Census Area,5129
Arizona,Apache County,65036
Arizona,Cochise County,124640
Arizona,Coconino County,144472
Arizona,Gila County,54003
Arizona,Graham County,39525
Arizona,Greenlee County,9369
Arizona,La Paz County,16710
Arizona,Maricopa County,4585871
Arizona,Mohave County,223682
Arizona,Navajo County,109175
Arizona,Pima County,1063162
Arizona,Pinal County,484239
Arizona,Santa Cruz County,49158
Arizona,Yavapai County,249081
Arizona,Yuma County,213221
Arkansas,Arkansas County,16307
Arkansas,Ashley County,18262
Arkansas,Baxter County,42875
Arkansas,Benton County,311013
Arkansas,Boone County,38530
Arkansas,Bradley County,10104
Arkansas,Calhoun County,4641
Arkansas,Carroll County,28814
Arkansas,Chicot County,9538
Arkansas,Clark County,21274
Arkansas,Clay County,14201
Arkansas,Cleburne County,25445
Arkansas,Cleveland County,7378
Arkansas,Columbia County,22150
Arkansas,Conway County,21077
Arkansas,Craighead County,113993
Arkansas,Crawford County,61891
Arkansas,Crittenden County,47139
Arkansas,Cross County,16420
Arkansas,Dallas County,6185
Arkansas,Desha County,10479
Arkansas,Drew County,16945
Arkansas,Faulkner County,129951
Arkansas,Franklin County,17468
Arkansas,Fulton County,12421
Arkansas,Garland County,99784
Arkansas,Grant County,18383
Arkansas,Greene County,46743
Arkansas,Hempstead County,19343
Arkansas,Hot Spring County,33258
Arkansas,Howard County,12533
Arkansas,Independence County,38320
Arkansas,Izard County,14169
Arkansas,Jackson County,16784
Arkansas,Jefferson County,63661
Arkansas,Johnson County,26129
Arkansas,Lafayette County,6095
Arkansas,Lawrence County,16318
Arkansas,Lee County,8201
Arkansas,Lincoln County,12898
Arkansas,Little River County,11805
Arkansas,Logan County,21400
Arkansas,Lonoke County,75944
Arkansas,Madison County,17775
Arkansas,Marion County,17514
Arkansas,Miller County,42415
Arkansas,Mississippi County,38663
Arkansas,Monroe County,6512
Arkansas,Montgomery County,8620
Arkansas,Nevada County,8120
Arkansas,Newton County,7071
Arkansas,Ouachita County,21793
Arkansas,Perry County,10184
Arkansas,Phillips County,14961
Arkansas,Pike County,10208
Arkansas,Poinsett County,22397
Arkansas,Polk County,19436
Arkansas,Pope County,64593
Arkansas,Prairie County,8036
Arkansas,Pulaski County,400009
Arkansas,Randolph County,18907
Arkansas,St. Francis County,22101
Arkansas,Saline County,129574
Arkansas,Scott County,9851
Arkansas,Searcy County,7806
Arkansas,Sebastian County,129098
Arkansas,Sevier County,15632
Arkansas,Sharp County,17968
Arkansas,Stone County,12671
Arkansas,Union County,37397
Arkansas,Van Buren County,16142
Arkansas,Washington County,261549
Arkansas,White County,78452
Arkansas,Woodruff County,5964
Arkansas,Yell County,20044
California,Alameda County,1622188
California,Alpine County,1141
California,Amador County,41811
California,Butte County,207172
California,Calaveras County,46565
California,Colusa County,22037
California,Contra Costa County,1155025
California,Del Norte County,26589
California,El Dorado County,192215
California,Fresno County,1017162
California,Glenn County,28129
California,Humboldt County,133985
California,Imperial County,179057
California,Inyo County,18527
California,Kern County,913820
California,Kings County,152682
California,Lake County,67878
California,Lassen County,28861
California,Los Angeles County,9663345
California,Madera County,162858
California,Marin County,254407
California,Mariposa County,16919
California,Mendocino County,89108
California,Merced County,291920
California,Modoc County,8500
California,Mono County,13066
California,Monterey County,430723
California,Napa County,133216
California,Nevada County,102037
California,Orange County,3135755
California,Placer County,423561
California,Plumas County,19131
California,Riverside County,2492442
California,Sacramento County,1584288
California,San Benito County,68175
California,San Bernardino County,2195611
California,San Diego County,3269973
California,San Francisco County,808988
California,San Joaquin County,800965
California,San Luis Obispo County,281639
California,San Mateo County,726353
California,Santa Barbara County,441257
California,Santa Clara County,1877592
California,Santa Cruz County,261547
California,Shasta County,180366
California,Sierra County,3200
California,Siskiyou County,42905
California,Solano County,449218
California,Sonoma County,481812
California,Stanislaus County,551430
California,Sutter County,97948
California,Tehama County,64896
California,Trinity County,15670
California,Tulare County,479468
California,Tuolumne County,54204
California,Ventura County,829590
California,Yolo County,220544
California,Yuba County,85722
Colorado,Adams County,533365
Colorado,Alamosa County,16655
Colorado,Arapahoe County,656061
Colorado,Archuleta County,14189
Colorado,Baca County,3344
Colorado,Bent County,5681
Colorado,Boulder County,326831
Colorado,Broomfield County,76860
Colorado,Chaffee County,20617
Colorado,Cheyenne County,1727
Colorado,Clear Creek County,9147
Colorado,Conejos County,7521
Colorado,Costilla County,3628
Colorado,Crowley County,5636
Colorado,Custer County,5534
Colorado,Delta County,31746
Colorado,Denver County,716577
Colorado,Dolores County,2513
Colorado,Douglas County,383906
Colorado,Eagle County,54381
Colorado,Elbert County,28806
Colorado,El Paso County,744215
Colorado,Fremont County,50318
Colorado,Garfield County,62707
Colorado,Gilpin County,5926
Colorado,Grand County,15935
Colorado,Gunnison County,17321
Colorado,Hinsdale County,765
Colorado,Huerfano County,7055
Colorado,Jackson County,1309
Colorado,Jefferson County,576366
Colorado,Kiowa County,1384
Colorado,Kit Carson County,6994
Colorado,Lake County,7365
Colorado,La Plata County,56407
Colorado,Larimer County,370771
Colorado,Las Animas County,14348
Colorado,Lincoln County,5480
Colorado,Logan County,20619
Colorado,Mesa County,159681
Colorado,Mineral County,944
Colorado,Moffat County,13327
Colorado,Montezuma County,26531
Colorado,Montrose County,44156
Colorado,Morgan County,29524
Colorado,Otero County,18136
Colorado,Ouray County,5176
Colorado,Park County,18117
Colorado,Phillips County,4476
Colorado,Pitkin County,16640
Colorado,Prowers County,11751
Colorado,Pueblo County,169422
Colorado,Rio Blanco County,6569
Colorado,Rio Grande County,11188
Colorado,Routt County,25064
Colorado,Saguache County,6688
Colorado,San Juan County,802
Colorado,San Miguel County,7868
Colorado,Sedgwick County,2299
Colorado,Summit County,30465
Colorado,Teller County,24617
Colorado,Washington County,4855
Colorado,Weld County,359442
Colorado,Yuma County,9862
Connecticut,Capitol Planning Region,975328
Connecticut,Greater Bridgeport Planning Region,327651
Connecticut,Lower Connecticut River Valley Planning Region,176215
Connecticut,Naugatuck Valley Planning Region,456128
Connecticut,Northeastern Connecticut Planning Region,96692
Connecticut,Northwest Hills Planning Region,113463
Connecticut,South Central Connecticut Planning Region,568158
Connecticut,Southeastern Connecticut Planning Region,279634
Connecticut,Western Connecticut Planning Region,623907
Delaware,Kent County,189789
Delaware,New Castle County,578592
Delaware,Sussex County,263509
Florida,Alachua County,285994
Florida,Baker County,28368
Florida,Bay County,190769
Florida,Bradford County,27858
Florida,Brevard County,643979
Florida,Broward County,1962531
Florida,Calhoun County,13470
Florida,Charlotte County,206134
Florida,Citrus County,166696
Florida,Clay County,232439
Florida,Collier County,404310
Florida,Columbia County,73063
Florida,DeSoto County,35979
Florida,Dixie County,17465
Florida,Duval County,1030822
Florida,Escambia County,326928
Florida,Flagler County,131439
Florida,Franklin County,12594
Florida,Gadsden County,43833
Florida,Gilchrist County,19587
Florida,Glades County,12786
Florida,Gulf County,15693
Florida,Hamilton County,13471
Florida,Hardee County,25760
Florida,Hendry County,43333
Florida,Hernando County,212807
Florida,Highlands County,107614
Florida,Hillsborough County,1535564
Florida,Holmes County,19944
Florida,Indian River County,169795
Florida,Jackson County,48622
Florida,Jefferson County,15450
Florida,Lafayette County,8078
Florida,Lake County,424462
Florida,Lee County,834573
Florida,Leon County,296913
Florida,Levy County,46545
Florida,Liberty County,7706
Florida,Madison County,18519
Florida,Manatee County,441095
Florida,Marion County,409959
Florida,Martin County,163315
Florida,Miami-Dade County,2686867
Florida,Monroe County,80614
Florida,Nassau County,101501
Florida,Okaloosa County,218464
Florida,Okeechobee County,41427
Florida,Orange County,1471416
Florida,Osceola County,437784
Florida,Palm Beach County,1533801
Florida,Pasco County,632996
Florida,Pinellas County,961596
Florida,Polk County,818330
Florida,Putnam County,75955
Florida,St. Johns County,320110
Florida,St. Lucie County,373586
Florida,Santa Rosa County,203162
Florida,Sarasota County,469013
Florida,Seminole County,484271
Florida,Sumter County,151565
Florida,Suwannee County,46130
Florida,Taylor County,21582
Florida,Union County,15532
Florida,Volusia County,590357
Florida,Wakulla County,36449
Florida,Walton County,86354
Florida,Washington County,25602
Georgia,Appling County,18457
Georgia,Atkinson County,8293
Georgia,Bacon County,11124
Georgia,Baker County,2743
Georgia,Baldwin County,43396
Georgia,Banks County,19789
Georgia,Barrow County,92792
Georgia,Bartow County,115041
Georgia,Ben Hill County,17128
Georgia,Berrien County,18570
Georgia,Bibb County,156512
Georgia,Bleckley County,12465
Georgia,Brantley County,18401
Georgia,Brooks County,16245
Georgia,Bryan County,49739
Georgia,Bulloch County,84327
Georgia,Burke County,24438
Georgia,Butts County,26887
Georgia,Calhoun County,5457
Georgia,Camden County,58118
Georgia,Candler County,11059
Georgia,Carroll County,127098
Georgia,Catoosa County,68910
Georgia,Charlton County,12934
Georgia,Chatham County,303655
Georgia,Chattahoochee County,8661
Georgia,Chattooga County,25222
Georgia,Cherokee County,286602
Georgia,Clarke County,129933
Georgia,Clay County,2853
Georgia,Clayton County,298300
Georgia,Clinch County,6746
Georgia,Cobb County,776743
Georgia,Coffee County,43317
Georgia,Colquitt County,46167
Georgia,Columbia County,165162
Georgia,Cook County,17714
Georgia,Coweta County,155892
Georgia,Crawford County,12277
Georgia,Crisp County,19631
Georgia,Dade County,16165
Georgia,Dawson County,31732
Georgia,Decatur County,29087
Georgia,DeKalb County,762992
Georgia,Dodge County,19776
Georgia,Dooly County,10981
Georgia,Dougherty County,82645
Georgia,Douglas County,149160
Georgia,Early County,10563
Georgia,Echols County,3709
Georgia,Effingham County,71541
Georgia,Elbert County,20013
Georgia,Emanuel County,23119
Georgia,Evans County,10754
Georgia,Fannin County,25955
Georgia,Fayette County,123351
Georgia,Floyd County,100113
Georgia,Forsyth County,272887
Georgia,Franklin County,24782
Georgia,Fulton County,1079105
Georgia,Gilmer County,32860
Georgia,Glascock County,2954
Georgia,Glynn County,86172
Georgia,Gordon County,59757
Georgia,Grady County,26066
Georgia,Greene County,20722
Georgia,Gwinnett County,983526
Georgia,Habersham County,48757
Georgia,Hall County,217267
Georgia,Hancock County,8676
Georgia,Haralson County,32038
Georgia,Harris County,36654
Georgia,Hart County,27556
Georgia,Heard County,12034
Georgia,Henry County,254613
Georgia,Houston County,171974
Georgia,Irwin County,9120
Georgia,Jackson County,88615
Georgia,Jasper County,16455
Georgia,Jeff Davis County,14906
Georgia,Jefferson County,15183
Georgia,Jenkins County,8627
Georgia,Johnson County,9282
Georgia,Jones County,28969
Georgia,Lamar County,20401
Georgia,Lanier County,10452
Georgia,Laurens County,49941
Georgia,Lee County,33872
Georgia,Liberty County,69210
Georgia,Lincoln County,7879
Georgia,Long County,19594
Georgia,Lowndes County,120712
Georgia,Lumpkin County,35258
Georgia,McDuffie County,21799
Georgia,McIntosh County,11501
Georgia,Macon County,11817
Georgia,Madison County,32191
Georgia,Marion County,7440
Georgia,Meriwether County,20931
Georgia,Miller County,5747
Georgia,Mitchell County,21114
Georgia,Monroe County,30625
Georgia,Montgomery County,8761
Georgia,Morgan County,21460
Georgia,Murray County,41035
Georgia,Muscogee County,201877
Georgia,Newton County,120135
Georgia,Oconee County,44182
Georgia,Oglethorpe County,15754
Georgia,Paulding County,183164
Georgia,Peach County,28805
Georgia,Pickens County,35969
Georgia,Pierce County,20425
Georgia,Pike County,20461
Georgia,Polk County,44223
Georgia,Pulaski County,10095
Georgia,Putnam County,23129
Georgia,Quitman County,2280
Georgia,Rabun County,17442
Georgia,Randolph County,6078
Georgia,Richmond County,205414
Georgia,Rockdale County,95987
Georgia,Schley County,4526
Georgia,Screven County,14174
Georgia,Seminole County,9092
Georgia,Spalding County,69946
Georgia,Stephens County,27228
Georgia,Stewart County,4674
Georgia,Sumter County,28890
Georgia,Talbot County,5718
Georgia,Taliaferro County,1609
Georgia,Tattnall County,24296
Georgia,Taylor County,7758
Georgia,Telfair County,10920
Georgia,Terrell County,8718
Georgia,Thomas County,45649
Georgia,Tift County,41554
Georgia,Toombs County,27040
Georgia,Towns County,13035
Georgia,Treutlen County,6341
Georgia,Troup County,70742
Georgia,Turner County,8909
Georgia,Twiggs County,7691
Georgia,Union County,27124
Georgia,Upson County,28263
Georgia,Walker County,69489
Georgia,Walton County,106702
Georgia,Ware County,36243
Georgia,Warren County,5106
Georgia,Washington County,19820
Georgia,Wayne County,31373
Georgia,Webster County,2337
Georgia,Wheeler County,7081
Georgia,White County,29026
Georgia,Whitfield County,103687
Georgia,Wilcox County,8779
Georgia,Wilkes County,9518
Georgia,Wilkinson County,8725
Georgia,Worth County,20273
Hawaii,Hawaii County,207615
Hawaii,Honolulu County,989408
Hawaii,Kalawao County,81
Hawaii,Kauai County,73851
Hawaii,Maui County,164183
Idaho,Ada County,524673
Idaho,Adams County,4903
Idaho,Bannock County,90400
Idaho,Bear Lake County,6766
Idaho,Benewah County,10369
Idaho,Bingham County,50395
Idaho,Blaine County,25041
Idaho,Boise County,8517
Idaho,Bonner County,52547
Idaho,Bonneville County,131366
Idaho,Boundary County,13557
Idaho,Butte County,2758
Idaho,Camas County,1232
Idaho,Canyon County,257674
Idaho,Caribou County,7219
Idaho,Cassia County,25696
Idaho,Clark County,801
Idaho,Clearwater County,9214
Idaho,Custer County,4523
Idaho,Elmore County,29724
Idaho,Franklin County,15494
Idaho,Fremont County,14196
Idaho,Gem County,21071
Idaho,Gooding County,16061
Idaho,Idaho County,17890
Idaho,Jefferson County,34198
Idaho,Jerome County,25479
Idaho,Kootenai County,185010
Idaho,Latah County,41301
Idaho,Lemhi County,8441
Idaho,Lewis County,3739
Idaho,Lincoln County,5450
Idaho,Madison County,54547
Idaho,Minidoka County,22480
Idaho,Nez Perce County,42987
Idaho,Oneida County,4953
Idaho,Owyhee County,12722
Idaho,Payette County,27279
Idaho,Power County,8253
Idaho,Shoshone County,14026
Idaho,Teton County,12549
Idaho,Twin Falls County,95156
Idaho,Valley County,12644
Idaho,Washington County,11425
Illinois,Adams County,64441
Illinois,Alexander County,4695
Illinois,Bond County,16450
Illinois,Boone County,53202
Illinois,Brown County,6294
Illinois,Bureau County,32729
Illinois,Calhoun County,4317
Illinois,Carroll County,15526
Illinois,Cass County,12596
Illinois,Champaign County,205644
Illinois,Christian County,33228
Illinois,Clark County,15088
Illinois,Clay County,12999
Illinois,Clinton County,36785
Illinois,Coles County,46060
Illinois,Cook County,5087072
Illinois,Crawford County,18300
Illinois,Cumberland County,10261
Illinois,DeKalb County,100288
Illinois,De Witt County,15365
Illinois,Douglas County,19629
Illinois,DuPage County,921213
Illinois,Edgar County,16334
Illinois,Edwards County,5968
Illinois,Effingham County,34331
Illinois,Fayette County,21164
Illinois,Ford County,13250
Illinois,Franklin County,37138
Illinois,Fulton County,32541
Illinois,Gallatin County,4670
Illinois,Greene County,11543
Illinois,Grundy County,53578
Illinois,Hamilton County,7911
Illinois,Hancock County,17186
Illinois,Hardin County,3569
Illinois,Henderson County,6088
Illinois,Henry County,48448
Illinois,Iroquois County,26136
Illinois,Jackson County,52141
Illinois,Jasper County,9144
Illinois,Jefferson County,36320
Illinois,Jersey County,21091
Illinois,Jo Daviess County,21756
Illinois,Johnson County,13326
Illinois,Kane County,514982
Illinois,Kankakee County,105940
Illinois,Kendall County,139976
Illinois,Knox County,48411
Illinois,Lake County,708760
Illinois,LaSalle County,108309
Illinois,Lawrence County,14813
Illinois,Lee County,33654
Illinois,Livingston County,35320
Illinois,Logan County,27590
Illinois,McDonough County,26839
Illinois,McHenry County,312800
Illinois,McLean County,170441
Illinois,Macon County,100591
Illinois,Macoupin County,44018
Illinois,Madison County,262752
Illinois,Marion County,36673
Illinois,Marshall County,11683
Illinois,Mason County,12523
Illinois,Massac County,13661
Illinois,Menard County,11954
Illinois,Mercer County,15487
Illinois,Monroe County,34957
Illinois,Montgomery County,27663
Illinois,Morgan County,32140
Illinois,Moultrie County,14342
Illinois,Ogle County,51265
Illinois,Peoria County,177513
Illinois,Perry County,20503
Illinois,Piatt County,16714
Illinois,Pike County,14342
Illinois,Pope County,3707
Illinois,Pulaski County,4911
Illinois,Putnam County,5561
Illinois,Randolph County,29815
Illinois,Richland County,15488
Illinois,Rock Island County,141236
Illinois,St. Clair County,251018
Illinois,Saline County,22873
Illinois,Sangamon County,193491
Illinois,Schuyler County,6733
Illinois,Scott County,4710
Illinois,Shelby County,20568
Illinois,Stark County,5218
Illinois,Stephenson County,43105
Illinois,Tazewell County,129541
Illinois,Union County,16667
Illinois,Vermilion County,71652
Illinois,Wabash County,10942
Illinois,Warren County,16185
Illinois,Washington County,13536
Illinois,Wayne County,15761
Illinois,White County,13401
Illinois,Whiteside County,54498
Illinois,Will County,700728
Illinois,Williamson County,66706
Illinois,Winnebago County,280922
Illinois,Woodford County,38285
Indiana,Adams County,36288
Indiana,Allen County,394545
Indiana,Bartholomew County,84003
Indiana,Benton County,8729
Indiana,Blackford County,11893
Indiana,Boone County,76120
Indiana,Brown County,15653
Indiana,Carroll County,20525
Indiana,Cass County,37666
Indiana,Clark County,125467
Indiana,Clay County,26460
Indiana,Clinton County,32730
Indiana,Crawford County,10438
Indiana,Daviess County,33656
Indiana,Dearborn County,51215
Indiana,Decatur County,26399
Indiana,DeKalb County,44198
Indiana,Delaware County,112321
Indiana,Dubois County,43546
Indiana,Elkhart County,206409
Indiana,Fayette County,23362
Indiana,Floyd County,80809
Indiana,Fountain County,16731
Indiana,Franklin County,23096
Indiana,Fulton County,20358
Indiana,Gibson County,32904
Indiana,Grant County,66200
Indiana,Greene County,31196
Indiana,Hamilton County,371645
Indiana,Hancock County,86166
Indiana,Harrison County,40006
Indiana,Hendricks County,186387
Indiana,Henry County,48929
Indiana,Howard County,83831
Indiana,Huntington County,36781
Indiana,Jackson County,46460
Indiana,Jasper County,33535
Indiana,Jay County,20032
Indiana,Jefferson County,33056
Indiana,Jennings County,27622
Indiana,Johnson County,167819
Indiana,Knox County,36070
Indiana,Kosciusko County,80364
Indiana,LaGrange County,40907
Indiana,Lake County,500598
Indiana,LaPorte County,111706
Indiana,Lawrence County,45084
Indiana,Madison County,132504
Indiana,Marion County,968460
Indiana,Marshall County,46352
Indiana,Martin County,9897
Indiana,Miami County,35402
Indiana,Monroe County,139342
Indiana,Montgomery County,38573
Indiana,Morgan County,73227
Indiana,Newton County,13960
Indiana,Noble County,47430
Indiana,Ohio County,6004
Indiana,Orange County,19638
Indiana,Owen County,21532
Indiana,Parke County,16484
Indiana,Perry County,19209
Indiana,Pike County,12106
Indiana,Porter County,175335
Indiana,Posey County,25040
Indiana,Pulaski County,12385
Indiana,Putnam County,37567
Indiana,Randolph County,24216
Indiana,Ripley County,29227
Indiana,Rush County,16847
Indiana,St. Joseph County,272848
Indiana,Scott County,24657
Indiana,Shelby County,45231
Indiana,Spencer County,19910
Indiana,Starke County,23206
Indiana,Steuben County,34917
Indiana,Sullivan County,20757
Indiana,Switzerland County,10019
Indiana,Tippecanoe County,188792
Indiana,Tipton County,15256
Indiana,Union County,6973
Indiana,Vanderburgh County,179810
Indiana,Vermillion County,15417
Indiana,Vigo County,106153
Indiana,Wabash County,30670
Indiana,Warren County,8518
Indiana,Warrick County,65867
Indiana,Washington County,28205
Indiana,Wayne County,66127
Indiana,Wells County,28555
Indiana,White County,24917
Indiana,Whitley County,34742
Iowa,Adair County,7389
Iowa,Adams County,3544
Iowa,Allamakee County,14074
Iowa,Appanoose County,12119
Iowa,Audubon County,5534
Iowa,Benton County,25796
Iowa,Black Hawk County,130471
Iowa,Boone County,26590
Iowa,Bremer County,25307
Iowa,Buchanan County,20691
Iowa,Buena Vista County,20567
Iowa,Butler County,14172
Iowa,Calhoun County,9763
Iowa,Carroll County,20522
Iowa,Cass County,13130
Iowa,Cedar County,18302
Iowa,Cerro Gordo County,42406
Iowa,Cherokee County,11605
Iowa,Chickasaw County,11658
Iowa,Clarke County,9588
Iowa,Clay County,16511
Iowa,Clayton County,16969
Iowa,Clinton County,46158
Iowa,Crawford County,16013
Iowa,Dallas County,111092
Iowa,Davis County,9169
Iowa,Decatur County,7665
Iowa,Delaware County,17600
Iowa,Des Moines County,38253
Iowa,Dickinson County,18056
Iowa,Dubuque County,98887
Iowa,Emmet County,9229
Iowa,Fayette County,19210
Iowa,Floyd County,15326
Iowa,Franklin County,9875
Iowa,Fremont County,6458
Iowa,Greene County,8584
Iowa,Grundy County,12384
Iowa,Guthrie County,10722
Iowa,Hamilton County,14729
Iowa,Hancock County,10615
Iowa,Hardin County,16463
Iowa,Harrison County,14670
Iowa,Henry County,19547
Iowa,Howard County,9376
Iowa,Humboldt County,9500
Iowa,Ida County,6833
Iowa,Iowa County,16381
Iowa,Jackson County,19342
Iowa,Jasper County,37919
Iowa,Jefferson County,15440
Iowa,Johnson County,157528
Iowa,Jones County,20900
Iowa,Keokuk County,9914
Iowa,Kossuth County,14396
Iowa,Lee County,32565
Iowa,Linn County,228972
Iowa,Louisa County,10513
Iowa,Lucas County,8747
Iowa,Lyon County,12324
Iowa,Madison County,16971
Iowa,Mahaska County,21874
Iowa,Marion County,33770
Iowa,Marshall County,40014
Iowa,Mills County,14633
Iowa,Mitchell County,10518
Iowa,Monona County,8493
Iowa,Monroe County,7504
Iowa,Montgomery County,10139
Iowa,Muscatine County,42218
Iowa,O'Brien County,14012
Iowa,Osceola County,5978
Iowa,Page County,15014
Iowa,Palo Alto County,8810
Iowa,Plymouth County,25722
Iowa,Pocahontas County,6976
Iowa,Polk County,505255
Iowa,Pottawattamie County,93179
Iowa,Poweshiek County,18453
Iowa,Ringgold County,4642
Iowa,Sac County,9686
Iowa,Scott County,174270
Iowa,Shelby County,11806
Iowa,Sioux County,36246
Iowa,Story County,98566
Iowa,Tama County,16833
Iowa,Taylor County,5924
Iowa,Union County,11906
Iowa,Van Buren County,7266
Iowa,Wapello County,35166
Iowa,Warren County,55205
Iowa,Washington County,22560
Iowa,Wayne County,6557
Iowa,Webster County,36485
Iowa,Winnebago County,10571
Iowa,Winneshiek County,19815
Iowa,Woodbury County,105951
Iowa,Worth County,7297
Iowa,Wright County,12656
Kansas,Allen County,12412
Kansas,Anderson County,7838
Kansas,Atchison County,16016
Kansas,Barber County,4071
Kansas,Barton County,24899
Kansas,Bourbon County,14408
Kansas,Brown County,9250
Kansas,Butler County,68632
Kansas,Chase County,2579
Kansas,Chautauqua County,3347
Kansas,Cherokee County,19054
Kansas,Cheyenne County,2636
Kansas,Clark County,1847
Kansas,Clay County,8007
Kansas,Cloud County,8854
Kansas,Coffey County,8251
Kansas,Comanche County,1655
Kansas,Cowley County,34157
Kansas,Crawford County,38764
Kansas,Decatur County,2712
Kansas,Dickinson County,18445
Kansas,Doniphan County,7493
Kansas,Douglas County,120553
Kansas,Edwards County,2733
Kansas,Elk County,2467
Kansas,Ellis County,28810
Kansas,Ellsworth County,6357
Kansas,Finney County,37466
Kansas,Ford County,33980
Kansas,Franklin County,26125
Kansas,Geary County,35047
Kansas,Gove County,2735
Kansas,Graham County,2376
Kansas,Grant County,7147
Kansas,Gray County,5743
Kansas,Greeley County,1181
Kansas,Greenwood County,5870
Kansas,Hamilton County,2437
Kansas,Harper County,5435
Kansas,Harvey County,33504
Kansas,Haskell County,3630
Kansas,Hodgeman County,1655
Kansas,Jackson County,13368
Kansas,Jefferson County,18327
Kansas,Jewell County,2847
Kansas,Johnson County,622237
Kansas,Kearny County,3823
Kansas,Kingman County,7066
Kansas,Kiowa County,2374
Kansas,Labette County,19728
Kansas,Lane County,1529
Kansas,Leavenworth County,83518
Kansas,Lincoln County,2920
Kansas,Linn County,9860
Kansas,Logan County,2665
Kansas,Lyon County,32172
Kansas,McPherson County,30091
Kansas,Marion County,11690
Kansas,Marshall County,9933
Kansas,Meade County,3911
Kansas,Miami County,35320
Kansas,Mitchell County,5719
Kansas,Montgomery County,30568
Kansas,Morris County,5334
Kansas,Morton County,2580
Kansas,Nemaha County,10114
Kansas,Neosho County,15420
Kansas,Ness County,2618
Kansas,Norton County,5330
Kansas,Osage County,15824
Kansas,Osborne County,3427
Kansas,Ottawa County,5818
Kansas,Pawnee County,6126
Kansas,Phillips County,4761
Kansas,Pottawatomie County,26382
Kansas,Pratt County,9082
Kansas,Rawlins County,2463
Kansas,Reno County,61497
Kansas,Republic County,4627
Kansas,Rice County,9260
Kansas,Riley County,71402
Kansas,Rooks County,4778
Kansas,Rush County,2830
Kansas,Russell County,6723
Kansas,Saline County,53098
Kansas,Scott County,4922
Kansas,Sedgwick County,528469
Kansas,Seward County,21067
Kansas,Shawnee County,177746
Kansas,Sheridan County,2423
Kansas,Sherman County,5844
Kansas,Smith County,3590
Kansas,Stafford County,3909
Kansas,Stanton County,1901
Kansas,Stevens County,5077
Kansas,Sumner County,22334
Kansas,Thomas County,7865
Kansas,Trego County,2731
Kansas,Wabaunsee County,7057
Kansas,Wallace County,1509
Kansas,Washington County,5504
Kansas,Wichita County,2082
Kansas,Wilson County,8382
Kansas,Woodson County,3115
Kansas,Wyandotte County,165281
Kentucky,Adair County,19264
Kentucky,Allen County,21788
Kentucky,Anderson County,24613
Kentucky,Ballard County,7582
Kentucky,Barren County,45008
Kentucky,Bath County,12975
Kentucky,Bell County,23317
Kentucky,Boone County,140496
Kentucky,Bourbon County,20134
Kentucky,Boyd County,47826
Kentucky,Boyle County,30988
Kentucky,Bracken County,8426
Kentucky,Breathitt County,12953
Kentucky,Breckinridge County,21124
Kentucky,Bullitt County,84863
Kentucky,Butler County,12375
Kentucky,Caldwell County,12551
Kentucky,Calloway County,38280
Kentucky,Campbell County,93702
Kentucky,Carlisle County,4704
Kentucky,Carroll County,10987
Kentucky,Carter County,26366
Kentucky,Casey County,15918
Kentucky,Christian County,72032
Kentucky,Clark County,37304
Kentucky,Clay County,19648
Kentucky,Clinton County,9148
Kentucky,Crittenden County,8974
Kentucky,Cumberland County,6000
Kentucky,Daviess County,103458
Kentucky,Edmonson County,12448
Kentucky,Elliott County,7245
Kentucky,Estill County,13936
Kentucky,Fayette County,320154
Kentucky,Fleming County,15442
Kentucky,Floyd County,34423
Kentucky,Franklin County,51644
Kentucky,Fulton County,6338
Kentucky,Gallatin County,8792
Kentucky,Garrard County,17829
Kentucky,Grant County,25619
Kentucky,Graves County,36461
Kentucky,Grayson County,26825
Kentucky,Green County,11468
Kentucky,Greenup County,35221
Kentucky,Hancock County,8920
Kentucky,Hardin County,112273
Kentucky,Harlan County,25324
Kentucky,Harrison County,19415
Kentucky,Hart County,19724
Kentucky,Henderson County,44119
Kentucky,Henry County,15973
Kentucky,Hickman County,4447
Kentucky,Hopkins County,44929
Kentucky,Jackson County,13104
Kentucky,Jefferson County,772144
Kentucky,Jessamine County,55017
Kentucky,Johnson County,22116
Kentucky,Kenton County,171321
Kentucky,Knott County,13659
Kentucky,Knox County,29794
Kentucky,Larue County,15303
Kentucky,Laurel County,63296
Kentucky,Lawrence County,16000
Kentucky,Lee County,7293
Kentucky,Leslie County,9864
Kentucky,Letcher County,20423
Kentucky,Lewis County,12973
Kentucky,Lincoln County,24776
Kentucky,Livingston County,8892
Kentucky,Logan County,28283
Kentucky,Lyon County,9187
Kentucky,McCracken County,67428
Kentucky,McCreary County,17050
Kentucky,McLean County,9054
Kentucky,Madison County,96735
Kentucky,Magoffin County,11228
Kentucky,Marion County,19834
Kentucky,Marshall County,31744
Kentucky,Martin County,10928
Kentucky,Mason County,16841
Kentucky,Meade County,30131
Kentucky,Menifee County,6286
Kentucky,Mercer County,23097
Kentucky,Metcalfe County,10482
Kentucky,Monroe County,11306
Kentucky,Montgomery County,28527
Kentucky,Morgan County,14283
Kentucky,Muhlenberg County,30568
Kentucky,Nelson County,47730
Kentucky,Nicholas County,7686
Kentucky,Ohio County,23626
Kentucky,Oldham County,70183
Kentucky,Owen County,11313
Kentucky,Owsley County,4001
Kentucky,Pendleton County,14810
Kentucky,Perry County,27133
Kentucky,Pike County,55973
Kentucky,Powell County,12972
Kentucky,Pulaski County,66191
Kentucky,Robertson County,2313
Kentucky,Rockcastle County,16190
Kentucky,Rowan County,24409
Kentucky,Russell County,18279
Kentucky,Scott County,60168
Kentucky,Shelby County,49515
Kentucky,Simpson County,20195
Kentucky,Spencer County,20531
Kentucky,Taylor County,26443
Kentucky,Todd County,12494
Kentucky,Trigg County,14369
Kentucky,Trimble County,8607
Kentucky,Union County,13106
Kentucky,Warren County,142229
Kentucky,Washington County,12267
Kentucky,Wayne County,19580
Kentucky,Webster County,12726
Kentucky,Whitley County,36825
Kentucky,Wolfe County,6282
Kentucky,Woodford County,27268
Louisiana,Acadia Parish,56489
Louisiana,Allen Parish,22112
Louisiana,Ascension Parish,131632
Louisiana,Assumption Parish,20160
Louisiana,Avoyelles Parish,38408
Louisiana,Beauregard Parish,36827
Louisiana,Bienville Parish,12366
Louisiana,Bossier Parish,129795
Louisiana,Caddo Parish,226386
Louisiana,Calcasieu Parish,203761
Louisiana,Caldwell Parish,9389
Louisiana,Cameron Parish,4768
Louisiana,Catahoula Parish,8414
Louisiana,Claiborne Parish,13670
Louisiana,Concordia Parish,17688
Louisiana,De Soto Parish,27114
Louisiana,East Baton Rouge Parish,448467
Louisiana,East Carroll Parish,6829
Louisiana,East Feliciana Parish,19229
Louisiana,Evangeline Parish,31754
Louisiana,Franklin Parish,19285
Louisiana,Grant Parish,21911
Louisiana,Iberia Parish,67659
Louisiana,Iberville Parish,29617
Louisiana,Jackson Parish,14746
Louisiana,Jefferson Parish,421777
Louisiana,Jefferson Davis Parish,31553
Louisiana,Lafayette Parish,249750
Louisiana,Lafourche Parish,95056
Louisiana,LaSalle Parish,14800
Louisiana,Lincoln Parish,47962
Louisiana,Livingston Parish,150145
Louisiana,Madison Parish,9246
Louisiana,Morehouse Parish,23955
Louisiana,Natchitoches Parish,36291
Louisiana,Orleans Parish,364136
Louisiana,Ouachita Parish,157568
Louisiana,Plaquemines Parish,22386
Louisiana,Pointe Coupee Parish,20000
Louisiana,Rapides Parish,126260
Louisiana,Red River Parish,7356
Louisiana,Richland Parish,19712
Louisiana,Sabine Parish,21906
Louisiana,St. Bernard Parish,44463
Louisiana,St. Charles Parish,50620
Louisiana,St. Helena Parish,10774
Louisiana,St. James Parish,19191
Louisiana,St. John the Baptist Parish,39592
Louisiana,St. Landry Parish,81464
Louisiana,St. Martin Parish,51057
Louisiana,St. Mary Parish,47055
Louisiana,St. Tammany Parish,275583
Louisiana,Tangipahoa Parish,138064
Louisiana,Tensas Parish,3764
Louisiana,Terrebonne Parish,103616
Louisiana,Union Parish,20650
Louisiana,Vermilion Parish,56992
Louisiana,Vernon Parish,46250
Louisiana,Washington Parish,44865
Louisiana,Webster Parish,35238
Louisiana,West Baton Rouge Parish,28266
Louisiana,West Carroll Parish,9323
Louisiana,West Feliciana Parish,15371
Louisiana,Winn Parish,13216
Maine,Androscoggin County,113765
Maine,Aroostook County,67351
Maine,Cumberland County,310230
Maine,Franklin County,30828
Maine,Hancock County,56526
Maine,Kennebec County,127259
Maine,Knox County,40977
Maine,Lincoln County,36507
Maine,Oxford County,59905
Maine,Penobscot County,155312
Maine,Piscataquis County,17486
Maine,Sagadahoc County,37513
Maine,Somerset County,51302
Maine,Waldo County,40620
Maine,Washington County,31555
Maine,York County,218586
Maryland,Allegany County,67273
Maryland,Anne Arundel County,594582
Maryland,Baltimore County,844703
Maryland,Calvert County,94728
Maryland,Caroline County,33593
Maryland,Carroll County,176639
Maryland,Cecil County,105672
Maryland,Charles County,171973
Maryland,Dorchester County,32879
Maryland,Frederick County,293391
Maryland,Garrett County,28423
Maryland,Harford County,264644
Maryland,Howard County,336001
Maryland,Kent County,19303
Maryland,Montgomery County,1058474
Maryland,Prince George's County,947430
Maryland,Queen Anne's County,52508
Maryland,St. Mary's County,115281
Maryland,Somerset County,24910
Maryland,Talbot County,37823
Maryland,Washington County,155813
Maryland,Wicomico County,104800
Maryland,Worcester County,54171
Maryland,Baltimore city,565239
Massachusetts,Barnstable County,231735
Massachusetts,Berkshire County,126818
Massachusetts,Bristol County,581841
Massachusetts,Dukes County,20819
Massachusetts,Essex County,810089
Massachusetts,Franklin County,70836
Massachusetts,Hampden County,460291
Massachusetts,Hampshire County,162502
Massachusetts,Middlesex County,1623952
Massachusetts,Nantucket County,14444
Massachusetts,Norfolk County,727473
Massachusetts,Plymouth County,535308
Massachusetts,Suffolk County,768425
Massachusetts,Worcester County,866866
Michigan,Alcona County,10489
Michigan,Alger County,8757
Michigan,Allegan County,121939
Michigan,Alpena County,28904
Michigan,Antrim County,24409
Michigan,Arenac County,15145
Michigan,Baraga County,8310
Michigan,Barry County,63808
Michigan,Bay County,102500
Michigan,Benzie County,18441
Michigan,Berrien County,152261
Michigan,Branch County,45215
Michigan,Calhoun County,133366
Michigan,Cass County,51642
Michigan,Charlevoix County,26159
Michigan,Cheboygan County,26048
Michigan,Chippewa County,36264
Michigan,Clare County,31316
Michigan,Clinton County,79720
Michigan,Crawford County,13538
Michigan,Delta County,36790
Michigan,Dickinson County,25982
Michigan,Eaton County,108820
Michigan,Emmet County,34123
Michigan,Genesee County,401522
Michigan,Gladwin County,25853
Michigan,Gogebic County,14224
Michigan,Grand Traverse County,96421
Michigan,Gratiot County,41368
Michigan,Hillsdale County,45587
Michigan,Houghton County,37599
Michigan,Huron County,30927
Michigan,Ingham County,284637
Michigan,Ionia County,66262
Michigan,Iosco County,25373
Michigan,Iron County,11740
Michigan,Isabella County,64118
Michigan,Jackson County,159424
Michigan,Kalamazoo County,262215
Michigan,Kalkaska County,18490
Michigan,Kent County,661354
Michigan,Keweenaw County,2172
Michigan,Lake County,12734
Michigan,Lapeer County,88977
Michigan,Leelanau County,23019
Michigan,Lenawee County,97520
Michigan,Livingston County,196757
Michigan,Luce County,6435
Michigan,Mackinac County,10851
Michigan,Macomb County,875101
Michigan,Manistee County,25562
Michigan,Marquette County,66999
Michigan,Mason County,29159
Michigan,Mecosta County,41099
Michigan,Menominee County,22945
Michigan,Midland County,84039
Michigan,Missaukee County,15311
Michigan,Monroe County,155045
Michigan,Montcalm County,68154
Michigan,Montmorency County,9678
Michigan,Muskegon County,176564
Michigan,Newaygo County,51108
Michigan,Oakland County,1270426
Michigan,Oceana County,26981
Michigan,Ogemaw County,20990
Michigan,Ontonagon County,5906
Michigan,Osceola County,23330
Michigan,Oscoda County,8545
Michigan,Otsego County,25747
Michigan,Ottawa County,303372
Michigan,Presque Isle County,13285
Michigan,Roscommon County,23863
Michigan,Saginaw County,187782
Michigan,St. Clair County,159874
Michigan,St. Joseph County,60878
Michigan,Sanilac County,40368
Michigan,Schoolcraft County,8149
Michigan,Shiawassee County,68025
Michigan,Tuscola County,52826
Michigan,Van Buren County,75798
Michigan,Washtenaw County,365536
Michigan,Wayne County,1751169
Michigan,Wexford County,34122
Minnesota,Aitkin County,16102
Minnesota,Anoka County,372441
Minnesota,Becker County,35283
Minnesota,Beltrami County,46718
Minnesota,Benton County,41600
Minnesota,Big Stone County,5105
Minnesota,Blue Earth County,70006
Minnesota,Brown County,25628
Minnesota,Carlton County,36825
Minnesota,Carver County,111057
Minnesota,Cass County,31446
Minnesota,Chippewa County,12172
Minnesota,Chisago County,58535
Minnesota,Clay County,66258
Minnesota,Clearwater County,8644
Minnesota,Cook County,5639
Minnesota,Cottonwood County,11319
Minnesota,Crow Wing County,68304
Minnesota,Dakota County,447440
Minnesota,Dodge County,21088
Minnesota,Douglas County,39953
Minnesota,Faribault County,13873
Minnesota,Fillmore County,21522
Minnesota,Freeborn County,30515
Minnesota,Goodhue County,48035
Minnesota,Grant County,6139
Minnesota,Hennepin County,1258713
Minnesota,Houston County,18582
Minnesota,Hubbard County,22132
Minnesota,Isanti County,43182
Minnesota,Itasca County,45365
Minnesota,Jackson County,9919
Minnesota,Kanabec County,16602
Minnesota,Kandiyohi County,43813
Minnesota,Kittson County,4060
Minnesota,Koochiching County,11751
Minnesota,Lac qui Parle County,6630
Minnesota,Lake County,10855
Minnesota,Lake of the Woods County,3778
Minnesota,Le Sueur County,29255
Minnesota,Lincoln County,5521
Minnesota,Lyon County,25427
Minnesota,McLeod County,36785
Minnesota,Mahnomen County,5280
Minnesota,Marshall County,8810
Minnesota,Martin County,19657
Minnesota,Meeker County,23490
Minnesota,Mille Lacs County,27427
Minnesota,Morrison County,34250
Minnesota,Mower County,40058
Minnesota,Murray County,8049
Minnesota,Nicollet County,34242
Minnesota,Nobles County,21727
Minnesota,Norman County,6329
Minnesota,Olmsted County,164784
Minnesota,Otter Tail County,60626
Minnesota,Pennington County,13714
Minnesota,Pine County,30197
Minnesota,Pipestone County,9245
Minnesota,Polk County,30412
Minnesota,Pope County,11400
Minnesota,Ramsey County,536075
Minnesota,Red Lake County,3911
Minnesota,Redwood County,15288
Minnesota,Renville County,14348
Minnesota,Rice County,67948
Minnesota,Rock County,9551
Minnesota,Roseau County,15252
Minnesota,St. Louis County,200514
Minnesota,Scott County,155814
Minnesota,Sherburne County,102206
Minnesota,Sibley County,15084
Minnesota,Stearns County,160977
Minnesota,Steele County,37421
Minnesota,Stevens County,9728
Minnesota,Swift County,9719
Minnesota,Todd County,25667
Minnesota,Traverse County,3136
Minnesota,Wabasha County,21683
Minnesota,Wadena County,14241
Minnesota,Waseca County,18981
Minnesota,Washington County,278936
Minnesota,Watonwan County,11077
Minnesota,Wilkin County,6306
Minnesota,Winona County,49721
Minnesota,Wright County,151150
Minnesota,Yellow Medicine County,9467
Mississippi,Adams County,28746
Mississippi,Alcorn County,34135
Mississippi,Amite County,12442
Mississippi,Attala County,17359
Mississippi,Benton County,7438
Mississippi,Bolivar County,28968
Mississippi,Calhoun County,12685
Mississippi,Carroll County,9535
Mississippi,Chickasaw County,16866
Mississippi,Choctaw County,8088
Mississippi,Claiborne County,8617
Mississippi,Clarke County,15228
Mississippi,Clay County,18206
Mississippi,Coahoma County,20077
Mississippi,Copiah County,27664
Mississippi,Covington County,18059
Mississippi,DeSoto County,193247
Mississippi,Forrest County,78208
Mississippi,Franklin County,7610
Mississippi,George County,25619
Mississippi,Greene County,13601
Mississippi,Grenada County,21065
Mississippi,Hancock County,46159
Mississippi,Harrison County,210612
Mississippi,Hinds County,214870
Mississippi,Holmes County,15777
Mississippi,Humphreys County,7216
Mississippi,Issaquena County,1256
Mississippi,Itawamba County,24093
Mississippi,Jackson County,146389
Mississippi,Jasper County,16013
Mississippi,Jefferson County,6941
Mississippi,Jefferson Davis County,10969
Mississippi,Jones County,66250
Mississippi,Kemper County,8584
Mississippi,Lafayette County,58467
Mississippi,Lamar County,66217
Mississippi,Lauderdale County,70527
Mississippi,Lawrence County,11741
Mississippi,Leake County,21258
Mississippi,Lee County,82799
Mississippi,Leflore County,26378
Mississippi,Lincoln County,34702
Mississippi,Lowndes County,57283
Mississippi,Madison County,112511
Mississippi,Marion County,24224
Mississippi,Marshall County,34123
Mississippi,Monroe County,33609
Mississippi,Montgomery County,9600
Mississippi,Neshoba County,28789
Mississippi,Newton County,21019
Mississippi,Noxubee County,9914
Mississippi,Oktibbeha County,51203
Mississippi,Panola County,32669
Mississippi,Pearl River County,57978
Mississippi,Perry County,11315
Mississippi,Pike County,39394
Mississippi,Pontotoc County,31535
Mississippi,Prentiss County,25135
Mississippi,Quitman County,5546
Mississippi,Rankin County,160417
Mississippi,Scott County,27507
Mississippi,Sharkey County,3336
Mississippi,Simpson County,25715
Mississippi,Smith County,14099
Mississippi,Stone County,18756
Mississippi,Sunflower County,24468
Mississippi,Tallahatchie County,11837
Mississippi,Tate County,28261
Mississippi,Tippah County,21287
Mississippi,Tishomingo County,18507
Mississippi,Tunica County,9234
Mississippi,Union County,28284
Mississippi,Walthall County,13863
Mississippi,Warren County,42298
Mississippi,Washington County,41946
Mississippi,Wayne County,19703
Mississippi,Webster County,9988
Mississippi,Wilkinson County,8058
Mississippi,Winston County,17416
Mississippi,Yalobusha County,12386
Mississippi,Yazoo County,25796
Missouri,Adair County,25122
Missouri,Andrew County,18127
Missouri,Atchison County,5107
Missouri,Audrain County,24394
Missouri,Barry County,35265
Missouri,Barton County,11731
Missouri,Bates County,16242
Missouri,Benton County,20552
Missouri,Bollinger County,10544
Missouri,Boone County,189463
Missouri,Buchanan County,82956
Missouri,Butler County,41948
Missouri,Caldwell County,8955
Missouri,Callaway County,44731
Missouri,Camden County,44044
Missouri,Cape Girardeau County,82984
Missouri,Carroll County,8391
Missouri,Carter County,5303
Missouri,Cass County,111732
Missouri,Cedar County,14672
Missouri,Chariton County,7399
Missouri,Christian County,94422
Missouri,Clark County,6641
Missouri,Clay County,259772
Missouri,Clinton County,21548
Missouri,Cole County,77278
Missouri,Cooper County,16947
Missouri,Crawford County,22719
Missouri,Dade County,7716
Missouri,Dallas County,17768
Missouri,Daviess County,8551
Missouri,DeKalb County,9899
Missouri,Dent County,14647
Missouri,Douglas County,12228
Missouri,Dunklin County,27032
Missouri,Franklin County,106404
Missouri,Gasconade County,14705
Missouri,Gentry County,6287
Missouri,Greene County,304611
Missouri,Grundy County,9815
Missouri,Harrison County,8220
Missouri,Henry County,22485
Missouri,Hickory County,8718
Missouri,Holt County,4248
Missouri,Howard County,10101
Missouri,Howell County,40735
Missouri,Iron County,9440
Missouri,Jackson County,718560
Missouri,Jasper County,125056
Missouri,Jefferson County,231230
Missouri,Johnson County,54962
Missouri,Knox County,3723
Missouri,Laclede County,36680
Missouri,Lafayette County,33196
Missouri,Lawrence County,38872
Missouri,Lewis County,9818
Missouri,Lincoln County,64699
Missouri,Linn County,11791
Missouri,Livingston County,14557
Missouri,McDonald County,23903
Missouri,Macon County,15161
Missouri,Madison County,12698
Missouri,Maries County,8430
Missouri,Marion County,28336
Missouri,Mercer County,3469
Missouri,Miller County,25590
Missouri,Mississippi County,11822
Missouri,Moniteau County,15256
Missouri,Monroe County,8698
Missouri,Montgomery County,11459
Missouri,Morgan County,21970
Missouri,New Madrid County,15424
Missouri,Newton County,60677
Missouri,Nodaway County,20695
Missouri,Oregon County,8720
Missouri,Osage County,13468
Missouri,Ozark County,8970
Missouri,Pemiscot County,14613
Missouri,Perry County,18950
Missouri,Pettis County,43530
Missouri,Phelps County,45284
Missouri,Pike County,17935
Missouri,Platte County,111940
Missouri,Polk County,32780
Missouri,Pulaski County,53812
Missouri,Putnam County,4638
Missouri,Ralls County,10489
Missouri,Randolph County,24109
Missouri,Ray County,23182
Missouri,Reynolds County,5950
Missouri,Ripley County,10806
Missouri,St. Charles County,416659
Missouri,St. Clair County,9752
Missouri,Ste. Genevieve County,18642
Missouri,St. Francois County,67058
Missouri,St. Louis County,987059
Missouri,Saline County,23049
Missouri,Schuyler County,4053
Missouri,Scotland County,4676
Missouri,Scott County,37889
Missouri,Shannon County,7238
Missouri,Shelby County,5931
Missouri,Stoddard County,28397
Missouri,Stone County,32658
Missouri,Sullivan County,5797
Missouri,Taney County,56775
Missouri,Texas County,25619
Missouri,Vernon County,19710
Missouri,Warren County,37806
Missouri,Washington County,23534
Missouri,Wayne County,10811
Missouri,Webster County,41472
Missouri,Worth County,1907
Missouri,Wright County,19403
Missouri,St. Louis city,281754
Montana,Beaverhead County,9885
Montana,Big Horn County,12751
Montana,Blaine County,6899
Montana,Broadwater County,8032
Montana,Carbon County,11419
Montana,Carter County,1418
Montana,Cascade County,84900
Montana,Chouteau County,5847
Montana,Custer County,11985
Montana,Daniels County,1633
Montana,Dawson County,8810
Montana,Deer Lodge County,9673
Montana,Fallon County,2994
Montana,Fergus County,11772
Montana,Flathead County,113679
Montana,Gallatin County,126409
Montana,Garfield County,1211
Montana,Glacier County,13609
Montana,Golden Valley County,835
Montana,Granite County,3595
Montana,Hill County,16276
Montana,Jefferson County,13048
Montana,Judith Basin County,2093
Montana,Lake County,33338
Montana,Lewis and Clark County,75011
Montana,Liberty County,1974
Montana,Lincoln County,21895
Montana,McCone County,1676
Montana,Madison County,9521
Montana,Meagher County,2071
Montana,Mineral County,5090
Montana,Missoula County,121849
Montana,Musselshell County,5308
Montana,Park County,17903
Montana,Petroleum County,554
Montana,Phillips County,4249
Montana,Pondera County,6125
Montana,Powder River County,1743
Montana,Powell County,7133
Montana,Prairie County,1112
Montana,Ravalli County,47738
Montana,Richland County,11173
Montana,Roosevelt County,10319
Montana,Rosebud County,8160
Montana,Sanders County,13684
Montana,Sheridan County,3498
Montana,Silver Bow County,36360
Montana,Stillwater County,9173
Montana,Sweet Grass County,3763
Montana,Teton County,6430
Montana,Toole County,5133
Montana,Treasure County,772
Montana,Valley County,7474
Montana,Wheatland County,2057
Montana,Wibaux County,910
Montana,Yellowstone County,170843
Nebraska,Adams County,30899
Nebraska,Antelope County,6302
Nebraska,Arthur County,412
Nebraska,Banner County,674
Nebraska,Blaine County,436
Nebraska,Boone County,5310
Nebraska,Box Butte County,10692
Nebraska,Boyd County,1725
Nebraska,Brown County,2853
Nebraska,Buffalo County,50697
Nebraska,Burt County,6727
Nebraska,Butler County,8459
Nebraska,Cass County,27446
Nebraska,Cedar County,8262
Nebraska,Chase County,3724
Nebraska,Cherry County,5492
Nebraska,Cheyenne County,9541
Nebraska,Clay County,6116
Nebraska,Colfax County,10566
Nebraska,Cuming County,8918
Nebraska,Custer County,10581
Nebraska,Dakota County,21268
Nebraska,Dawes County,8133
Nebraska,Dawson County,24085
Nebraska,Deuel County,1871
Nebraska,Dixon County,5491
Nebraska,Dodge County,37187
Nebraska,Douglas County,589540
Nebraska,Dundy County,1561
Nebraska,Fillmore County,5548
Nebraska,Franklin County,2825
Nebraska,Frontier County,2585
Nebraska,Furnas County,4556
Nebraska,Gage County,21634
Nebraska,Garden County,1794
Nebraska,Garfield County,1763
Nebraska,Gosper County,1847
Nebraska,Grant County,565
Nebraska,Greeley County,2219
Nebraska,Hall County,62197
Nebraska,Hamilton County,9537
Nebraska,Harlan County,3045
Nebraska,Hayes County,846
Nebraska,Hitchcock County,2552
Nebraska,Holt County,10093
Nebraska,Hooker County,679
Nebraska,Howard County,6527
Nebraska,Jefferson County,7054
Nebraska,Johnson County,5198
Nebraska,Kearney County,6770
Nebraska,Keith County,8113
Nebraska,Keya Paha County,805
Nebraska,Kimball County,3289
Nebraska,Knox County,8298
Nebraska,Lancaster County,326716
Nebraska,Lincoln County,33365
Nebraska,Logan County,655
Nebraska,Loup County,592
Nebraska,McPherson County,383
Nebraska,Madison County,35627
Nebraska,Merrick County,7755
Nebraska,Morrill County,4504
Nebraska,Nance County,3274
Nebraska,Nemaha County,7076
Nebraska,Nuckolls County,4095
Nebraska,Otoe County,16335
Nebraska,Pawnee County,2512
Nebraska,Perkins County,2795
Nebraska,Phelps County,9057
Nebraska,Pierce County,7299
Nebraska,Platte County,34609
Nebraska,Polk County,5228
Nebraska,Red Willow County,10457
Nebraska,Richardson County,7689
Nebraska,Rock County,1271
Nebraska,Saline County,14555
Nebraska,Sarpy County,199886
Nebraska,Saunders County,23463
Nebraska,Scotts Bluff County,35699
Nebraska,Seward County,17671
Nebraska,Sheridan County,4928
Nebraska,Sherman County,2983
Nebraska,Sioux County,1154
Nebraska,Stanton County,5856
Nebraska,Thayer County,4829
Nebraska,Thomas County,677
Nebraska,Thurston County,6557
Nebraska,Valley County,4012
Nebraska,Washington County,21152
Nebraska,Wayne County,9874
Nebraska,Webster County,3351
Nebraska,Wheeler County,775
Nebraska,York County,14356
Nevada,Churchill County,25803
Nevada,Clark County,2336573
Nevada,Douglas County,49545
Nevada,Elko County,54293
Nevada,Esmeralda County,736
Nevada,Eureka County,1917
Nevada,Humboldt County,17136
Nevada,Lander County,5769
Nevada,Lincoln County,4452
Nevada,Lyon County,62583
Nevada,Mineral County,4528
Nevada,Nye County,55720
Nevada,Pershing County,6364
Nevada,Storey County,4177
Nevada,Washoe County,498022
Nevada,White Pine County,8522
Nevada,Carson City,58036
New Hampshire,Belknap County,65027
New Hampshire,Carroll County,52448
New Hampshire,Cheshire County,77703
New Hampshire,Coos County,31372
New Hampshire,Grafton County,93146
New Hampshire,Hillsborough County,427354
New Hampshire,Merrimack County,157103
New Hampshire,Rockingham County,320689
New Hampshire,Strafford County,133243
New Hampshire,Sullivan County,43969
New Jersey,Atlantic County,275213
New Jersey,Bergen County,957736
New Jersey,Burlington County,469167
New Jersey,Camden County,527196
New Jersey,Cape May County,94610
New Jersey,Cumberland County,152326
New Jersey,Essex County,851117
New Jersey,Gloucester County,308423
New Jersey,Hudson County,705472
New Jersey,Hunterdon County,130183
New Jersey,Mercer County,381671
New Jersey,Middlesex County,863623
New Jersey,Monmouth County,642799
New Jersey,Morris County,514423
New Jersey,Ocean County,659197
New Jersey,Passaic County,513395
New Jersey,Salem County,65338
New Jersey,Somerset County,348842
New Jersey,Sussex County,146132
New Jersey,Union County,572726
New Jersey,Warren County,111252
New Mexico,Bernalillo County,671586
New Mexico,Catron County,3825
New Mexico,Chaves County,63561
New Mexico,Cibola County,26780
New Mexico,Colfax County,12255
New Mexico,Curry County,47222
New Mexico,De Baca County,1657
New Mexico,Doa Ana County,225210
New Mexico,Eddy County,60275
New Mexico,Grant County,27472
New Mexico,Guadalupe County,4292
New Mexico,Harding County,624
New Mexico,Hidalgo County,3965
New Mexico,Lea County,72101
New Mexico,Lincoln County,20029
New Mexico,Los Alamos County,19444
New Mexico,Luna County,25316
New Mexico,McKinley County,68797
New Mexico,Mora County,4123
New Mexico,Otero County,68835
New Mexico,Quay County,8510
New Mexico,Rio Arriba County,39876
New Mexico,Roosevelt County,18787
New Mexico,Sandoval County,155936
New Mexico,San Juan County,120675
New Mexico,San Miguel County,26668
New Mexico,Santa Fe County,155956
New Mexico,Sierra County,11488
New Mexico,Socorro County,15963
New Mexico,Taos County,34405
New Mexico,Torrance County,15633
New Mexico,Union County,3964
New Mexico,Valencia County,79141
New York,Albany County,316659
New York,Allegany County,46651
New York,Bronx County,1356476
New York,Broome County,196077
New York,Cattaraugus County,75600
New York,Cayuga County,74485
New York,Chautauqua County,124891
New York,Chemung County,81325
New York,Chenango County,45920
New York,Clinton County,78115
New York,Columbia County,60470
New York,Cortland County,45752
New York,Delaware County,44410
New York,Dutchess County,297150
New York,Erie County,946147
New York,Essex County,36775
New York,Franklin County,46502
New York,Fulton County,52234
New York,Genesee County,57529
New York,Greene County,47062
New York,Hamilton County,5082
New York,Herkimer County,59484
New York,Jefferson County,114787
New York,Kings County,2561225
New York,Lewis County,26548
New York,Livingston County,61158
New York,Madison County,66921
New York,Monroe County,748482
New York,Montgomery County,49368
New York,Nassau County,1381715
New York,New York County,1597451
New York,Niagara County,209457
New York,Oneida County,227555
New York,Onondaga County,467873
New York,Ontario County,112494
New York,Orange County,407470
New York,Orleans County,39124
New York,Oswego County,118162
New York,Otsego County,60126
New York,Putnam County,98060
New York,Queens County,2252196
New York,Rensselaer County,159305
New York,Richmond County,490687
New York,Rockland County,340807
New York,St. Lawrence County,106940
New York,Saratoga County,238711
New York,Schenectady County,159902
New York,Schoharie County,30105
New York,Schuyler County,17507
New York,Seneca County,32349
New York,Steuben County,92162
New York,Suffolk County,1523170
New York,Sullivan County,79920
New York,Tioga County,47715
New York,Tompkins County,103558
New York,Ulster County,182333
New York,Warren County,65380
New York,Washington County,60047
New York,Wayne County,90829
New York,Westchester County,990817
New York,Wyoming County,39532
New York,Yates County,24472
North Carolina,Alamance County,179165
North Carolina,Alexander County,36473
North Carolina,Alleghany County,11342
North Carolina,Anson County,21897
North Carolina,Ashe County,27063
North Carolina,Avery County,17561
North Carolina,Beaufort County,44481
North Carolina,Bertie County,16922
North Carolina,Bladen County,29484
North Carolina,Brunswick County,159964
North Carolina,Buncombe County,275901
North Carolina,Burke County,88338
North Carolina,Cabarrus County,240016
North Carolina,Caldwell County,80574
North Carolina,Camden County,11137
North Carolina,Carteret County,69615
North Carolina,Caswell County,22807
North Carolina,Catawba County,164645
North Carolina,Chatham County,81624
North Carolina,Cherokee County,29959
North Carolina,Chowan County,13891
North Carolina,Clay County,11864
North Carolina,Cleveland County,101378
North Carolina,Columbus County,50121
North Carolina,Craven County,102391
North Carolina,Cumberland County,337890
North Carolina,Currituck County,31593
North Carolina,Dare County,38110
North Carolina,Davidson County,174804
North Carolina,Davie County,44599
North Carolina,Duplin County,49520
North Carolina,Durham County,336892
North Carolina,Edgecombe County,48832
North Carolina,Forsyth County,392921
North Carolina,Franklin County,77001
North Carolina,Gaston County,237242
North Carolina,Gates County,10343
North Carolina,Graham County,8052
North Carolina,Granville County,62192
North Carolina,Greene County,20530
North Carolina,Guilford County,549866
North Carolina,Halifax County,47298
North Carolina,Harnett County,141477
North Carolina,Haywood County,62969
North Carolina,Henderson County,119230
North Carolina,Hertford County,19453
North Carolina,Hoke County,54446
North Carolina,Hyde County,4607
North Carolina,Iredell County,199710
North Carolina,Jackson County,44574
North Carolina,Johnston County,241955
North Carolina,Jones County,9401
North Carolina,Lee County,67059
North Carolina,Lenoir County,54895
North Carolina,Lincoln County,95675
North Carolina,McDowell County,44893
North Carolina,Macon County,38412
North Carolina,Madison County,22071
North Carolina,Martin County,21447
North Carolina,Mecklenburg County,1163701
North Carolina,Mitchell County,14999
North Carolina,Montgomery County,26085
North Carolina,Moore County,106898
North Carolina,Nash County,96551
North Carolina,New Hanover County,238852
North Carolina,Northampton County,16715
North Carolina,Onslow County,213676
North Carolina,Orange County,150626
North Carolina,Pamlico County,12423
North Carolina,Pasquotank County,41444
North Carolina,Pender County,68521
North Carolina,Perquimans County,13377
North Carolina,Person County,39737
North Carolina,Pitt County,175119
North Carolina,Polk County,20060
North Carolina,Randolph County,147458
North Carolina,Richmond County,42324
North Carolina,Robeson County,117365
North Carolina,Rockingham County,92518
North Carolina,Rowan County,151661
North Carolina,Rutherford County,65507
North Carolina,Sampson County,59601
North Carolina,Scotland County,34376
North Carolina,Stanly County,65699
North Carolina,Stokes County,45532
North Carolina,Surry County,71462
North Carolina,Swain County,13916
North Carolina,Transylvania County,33549
North Carolina,Tyrrell County,3461
North Carolina,Union County,256452
North Carolina,Vance County,42301
North Carolina,Wake County,1190275
North Carolina,Warren County,18836
North Carolina,Washington County,10713
North Carolina,Watauga County,54748
North Carolina,Wayne County,118686
North Carolina,Wilkes County,66013
North Carolina,Wilson County,78970
North Carolina,Yadkin County,37774
North Carolina,Yancey County,18938
North Dakota,Adams County,2163
North Dakota,Barnes County,10726
North Dakota,Benson County,5745
North Dakota,Billings County,1034
North Dakota,Bottineau County,6349
North Dakota,Bowman County,2867
North Dakota,Burke County,2134
North Dakota,Burleigh County,100012
North Dakota,Cass County,196362
North Dakota,Cavalier County,3596
North Dakota,Dickey County,4900
North Dakota,Divide County,2135
North Dakota,Dunn County,4019
North Dakota,Eddy County,2263
North Dakota,Emmons County,3224
North Dakota,Foster County,3309
North Dakota,Golden Valley County,1743
North Dakota,Grand Forks County,72708
North Dakota,Grant County,2215
North Dakota,Griggs County,2248
North Dakota,Hettinger County,2415
North Dakota,Kidder County,2342
North Dakota,LaMoure County,4096
North Dakota,Logan County,1869
North Dakota,McHenry County,5131
North Dakota,McIntosh County,2488
North Dakota,McKenzie County,14252
North Dakota,McLean County,9832
North Dakota,Mercer County,8309
North Dakota,Morton County,33895
North Dakota,Mountrail County,9383
North Dakota,Nelson County,2991
North Dakota,Oliver County,1879
North Dakota,Pembina County,6661
North Dakota,Pierce County,3902
North Dakota,Ramsey County,11463
North Dakota,Ransom County,5603
North Dakota,Renville County,2279
North Dakota,Richland County,16558
North Dakota,Rolette County,11728
North Dakota,Sargent County,3776
North Dakota,Sheridan County,1266
North Dakota,Sioux County,3643
North Dakota,Slope County,674
North Dakota,Stark County,33001
North Dakota,Steele County,1782
North Dakota,Stutsman County,21392
North Dakota,Towner County,2030
North Dakota,Traill County,7908
North Dakota,Walsh County,10305
North Dakota,Ward County,68332
North Dakota,Wells County,3876
North Dakota,Williams County,39113
Ohio,Adams County,27521
Ohio,Allen County,100838
Ohio,Ashland County,52190
Ohio,Ashtabula County,96845
Ohio,Athens County,62706
Ohio,Auglaize County,46050
Ohio,Belmont County,64918
Ohio,Brown County,43777
Ohio,Butler County,393043
Ohio,Carroll County,26758
Ohio,Champaign County,38845
Ohio,Clark County,134610
Ohio,Clermont County,211972
Ohio,Clinton County,41938
Ohio,Columbiana County,100182
Ohio,Coshocton County,36869
Ohio,Crawford County,41529
Ohio,Cuyahoga County,1233088
Ohio,Darke County,51415
Ohio,Defiance County,38315
Ohio,Delaware County,231636
Ohio,Erie County,74035
Ohio,Fairfield County,165360
Ohio,Fayette County,28817
Ohio,Franklin County,1326063
Ohio,Fulton County,42007
Ohio,Gallia County,28986
Ohio,Geauga County,95407
Ohio,Greene County,169691
Ohio,Guernsey County,38089
Ohio,Hamilton County,827058
Ohio,Hancock County,74704
Ohio,Hardin County,30368
Ohio,Harrison County,14159
Ohio,Henry County,27520
Ohio,Highland County,43614
Ohio,Hocking County,27540
Ohio,Holmes County,44386
Ohio,Huron County,58199
Ohio,Jackson County,32606
Ohio,Jefferson County,64026
Ohio,Knox County,63320
Ohio,Lake County,231640
Ohio,Lawrence County,56118
Ohio,Licking County,183201
Ohio,Logan County,46057
Ohio,Lorain County,317910
Ohio,Lucas County,425484
Ohio,Madison County,44602
Ohio,Mahoning County,225596
Ohio,Marion County,64851
Ohio,Medina County,184042
Ohio,Meigs County,21767
Ohio,Mercer County,42439
Ohio,Miami County,110876
Ohio,Monroe County,13153
Ohio,Montgomery County,533796
Ohio,Morgan County,13646
Ohio,Morrow County,35595
Ohio,Muskingum County,86305
Ohio,Noble County,14311
Ohio,Ottawa County,39803
Ohio,Paulding County,18706
Ohio,Perry County,35551
Ohio,Pickaway County,61086
Ohio,Pike County,27001
Ohio,Portage County,162665
Ohio,Preble County,40556
Ohio,Putnam County,34199
Ohio,Richland County,125064
Ohio,Ross County,76501
Ohio,Sandusky County,58709
Ohio,Scioto County,71969
Ohio,Seneca County,54527
Ohio,Shelby County,47765
Ohio,Stark County,372716
Ohio,Summit County,535733
Ohio,Trumbull County,200373
Ohio,Tuscarawas County,91874
Ohio,Union County,69637
Ohio,Van Wert County,28704
Ohio,Vinton County,12474
Ohio,Warren County,252148
Ohio,Washington County,58577
Ohio,Wayne County,116510
Ohio,Williams County,36591
Ohio,Wood County,132650
Ohio,Wyandot County,21457
Oklahoma,Adair County,19627
Oklahoma,Alfalfa County,5673
Oklahoma,Atoka County,14525
Oklahoma,Beaver County,5018
Oklahoma,Beckham County,22042
Oklahoma,Blaine County,8539
Oklahoma,Bryan County,48967
Oklahoma,Caddo County,26214
Oklahoma,Canadian County,175829
Oklahoma,Carter County,48596
Oklahoma,Cherokee County,48185
Oklahoma,Choctaw County,14276
Oklahoma,Cimarron County,2191
Oklahoma,Cleveland County,301193
Oklahoma,Coal County,5266
Oklahoma,Comanche County,121574
Oklahoma,Cotton County,5427
Oklahoma,Craig County,14494
Oklahoma,Creek County,73332
Oklahoma,Custer County,28266
Oklahoma,Delaware County,41703
Oklahoma,Dewey County,4286
Oklahoma,Ellis County,3648
Oklahoma,Garfield County,62023
Oklahoma,Garvin County,25865
Oklahoma,Grady County,57375
Oklahoma,Grant County,4083
Oklahoma,Greer County,5466
Oklahoma,Harmon County,2392
Oklahoma,Harper County,3190
Oklahoma,Haskell County,11832
Oklahoma,Hughes County,13436
Oklahoma,Jackson County,24669
Oklahoma,Jefferson County,5347
Oklahoma,Johnston County,10216
Oklahoma,Kay County,43641
Oklahoma,Kingfisher County,15481
Oklahoma,Kiowa County,8398
Oklahoma,Latimer County,9526
Oklahoma,Le Flore County,49596
Oklahoma,Lincoln County,34562
Oklahoma,Logan County,53029
Oklahoma,Love County,10296
Oklahoma,McClain County,47072
Oklahoma,McCurtain County,30660
Oklahoma,McIntosh County,19603
Oklahoma,Major County,7581
Oklahoma,Marshall County,15970
Oklahoma,Mayes County,39889
Oklahoma,Murray County,13754
Oklahoma,Muskogee County,66677
Oklahoma,Noble County,10832
Oklahoma,Nowata County,9438
Oklahoma,Okfuskee County,11300
Oklahoma,Oklahoma County,808866
Oklahoma,Okmulgee County,37035
Oklahoma,Osage County,46130
Oklahoma,Ottawa County,30287
Oklahoma,Pawnee County,15864
Oklahoma,Payne County,83352
Oklahoma,Pittsburg County,43479
Oklahoma,Pontotoc County,38396
Oklahoma,Pottawatomie County,73791
Oklahoma,Pushmataha County,10800
Oklahoma,Roger Mills County,3295
Oklahoma,Rogers County,100248
Oklahoma,Seminole County,23565
Oklahoma,Sequoyah County,40291
Oklahoma,Stephens County,44014
Oklahoma,Texas County,20371
Oklahoma,Tillman County,6869
Oklahoma,Tulsa County,682868
Oklahoma,Wagoner County,89280
Oklahoma,Washington County,53706
Oklahoma,Washita County,10736
Oklahoma,Woods County,8564
Oklahoma,Woodward County,19947
Oregon,Baker County,16912
Oregon,Benton County,97713
Oregon,Clackamas County,423173
Oregon,Clatsop County,41102
Oregon,Columbia County,53880
Oregon,Coos County,64212
Oregon,Crook County,26952
Oregon,Curry County,23296
Oregon,Deschutes County,208513
Oregon,Douglas County,112435
Oregon,Gilliam County,2026
Oregon,Grant County,7215
Oregon,Harney County,7440
Oregon,Hood River County,23745
Oregon,Jackson County,220768
Oregon,Jefferson County,25454
Oregon,Josephine County,87821
Oregon,Klamath County,70003
Oregon,Lake County,8293
Oregon,Lane County,381181
Oregon,Lincoln County,50821
Oregon,Linn County,131496
Oregon,Malheur County,32044
Oregon,Marion County,346741
Oregon,Morrow County,12302
Oregon,Multnomah County,789698
Oregon,Polk County,89805
Oregon,Sherman County,1951
Oregon,Tillamook County,27417
Oregon,Umatilla County,80053
Oregon,Union County,25944
Oregon,Wallowa County,7674
Oregon,Wasco County,26333
Oregon,Washington County,598865
Oregon,Wheeler County,1436
Oregon,Yamhill County,108644
Pennsylvania,Adams County,106748
Pennsylvania,Allegheny County,1224825
Pennsylvania,Armstrong County,64074
Pennsylvania,Beaver County,165631
Pennsylvania,Bedford County,47350
Pennsylvania,Berks County,432821
Pennsylvania,Blair County,120273
Pennsylvania,Bradford County,59695
Pennsylvania,Bucks County,645984
Pennsylvania,Butler County,198413
Pennsylvania,Cambria County,130668
Pennsylvania,Cameron County,4380
Pennsylvania,Carbon County,65458
Pennsylvania,Centre County,157795
Pennsylvania,Chester County,549784
Pennsylvania,Clarion County,36970
Pennsylvania,Clearfield County,77090
Pennsylvania,Clinton County,37607
Pennsylvania,Columbia County,65439
Pennsylvania,Crawford County,82001
Pennsylvania,Cumberland County,270738
Pennsylvania,Dauphin County,289234
Pennsylvania,Delaware County,576720
Pennsylvania,Elk County,30198
Pennsylvania,Erie County,267571
Pennsylvania,Fayette County,123915
Pennsylvania,Forest County,6449
Pennsylvania,Franklin County,157854
Pennsylvania,Fulton County,14468
Pennsylvania,Greene County,34357
Pennsylvania,Huntingdon County,43514
Pennsylvania,Indiana County,83094
Pennsylvania,Jefferson County,43612
Pennsylvania,Juniata County,23243
Pennsylvania,Lackawanna County,216123
Pennsylvania,Lancaster County,558589
Pennsylvania,Lawrence County,84472
Pennsylvania,Lebanon County,144252
Pennsylvania,Lehigh County,377754
Pennsylvania,Luzerne County,327388
Pennsylvania,Lycoming County,112724
Pennsylvania,McKean County,39519
Pennsylvania,Mercer County,108503
Pennsylvania,Mifflin County,45922
Pennsylvania,Monroe County,166053
Pennsylvania,Montgomery County,868742
Pennsylvania,Montour County,17860
Pennsylvania,Northampton County,319091
Pennsylvania,Northumberland County,90120
Pennsylvania,Perry County,46083
Pennsylvania,Philadelphia County,1550542
Pennsylvania,Pike County,61247
Pennsylvania,Potter County,15999
Pennsylvania,Schuylkill County,143786
Pennsylvania,Snyder County,39717
Pennsylvania,Somerset County,72197
Pennsylvania,Sullivan County,5834
Pennsylvania,Susquehanna County,38109
Pennsylvania,Tioga County,40840
Pennsylvania,Union County,42042
Pennsylvania,Venango County,49431
Pennsylvania,Warren County,37572
Pennsylvania,Washington County,210232
Pennsylvania,Wayne County,51262
Pennsylvania,Westmoreland County,351163
Pennsylvania,Wyoming County,25902
Pennsylvania,York County,464640
Rhode Island,Bristol County,50255
Rhode Island,Kent County,171278
Rhode Island,Newport County,83832
Rhode Island,Providence County,660615
Rhode Island,Washington County,129982
South Carolina,Abbeville County,24434
South Carolina,Aiken County,177130
South Carolina,Allendale County,7369
South Carolina,Anderson County,213076
South Carolina,Bamberg County,12974
South Carolina,Barnwell County,20447
South Carolina,Beaufort County,198979
South Carolina,Berkeley County,255217
South Carolina,Calhoun County,14186
South Carolina,Charleston County,424367
South Carolina,Cherokee County,56714
South Carolina,Chester County,32226
South Carolina,Chesterfield County,44031
South Carolina,Clarendon County,31004
South Carolina,Colleton County,38874
South Carolina,Darlington County,62416
South Carolina,Dillon County,27698
South Carolina,Dorchester County,169833
South Carolina,Edgefield County,27607
South Carolina,Fairfield County,20422
South Carolina,Florence County,137214
South Carolina,Georgetown County,65731
South Carolina,Greenville County,558036
South Carolina,Greenwood County,69460
South Carolina,Hampton County,18122
South Carolina,Horry County,397478
South Carolina,Jasper County,33544
South Carolina,Kershaw County,69905
South Carolina,Lancaster County,108215
South Carolina,Laurens County,68873
South Carolina,Lee County,15967
South Carolina,Lexington County,309528
South Carolina,McCormick County,9941
South Carolina,Marion County,28508
South Carolina,Marlboro County,25704
South Carolina,Newberry County,38825
South Carolina,Oconee County,81221
South Carolina,Orangeburg County,82820
South Carolina,Pickens County,135495
South Carolina,Richland County,425138
South Carolina,Saluda County,19123
South Carolina,Spartanburg County,356698
South Carolina,Sumter County,104165
South Carolina,Union County,26629
South Carolina,Williamsburg County,29891
South Carolina,York County,298320
South Dakota,Aurora County,2782
South Dakota,Beadle County,19591
South Dakota,Bennett County,3305
South Dakota,Bon Homme County,7065
South Dakota,Brookings County,35980
South Dakota,Brown County,37733
South Dakota,Brule County,5311
South Dakota,Buffalo County,1884
South Dakota,Butte County,10863
South Dakota,Campbell County,1340
South Dakota,Charles Mix County,9240
South Dakota,Clark County,3948
South Dakota,Clay County,15431
South Dakota,Codington County,28971
South Dakota,Corson County,3782
South Dakota,Custer County,9117
South Dakota,Davison County,19922
South Dakota,Day County,5451
South Dakota,Deuel County,4354
South Dakota,Dewey County,5208
South Dakota,Douglas County,2838
South Dakota,Edmunds County,4057
South Dakota,Fall River County,7393
South Dakota,Faulk County,2151
South Dakota,Grant County,7553
South Dakota,Gregory County,4018
South Dakota,Haakon County,1851
South Dakota,Hamlin County,6451
South Dakota,Hand County,3107
South Dakota,Hanson County,3471
South Dakota,Harding County,1324
South Dakota,Hughes County,17624
South Dakota,Hutchinson County,7394
South Dakota,Hyde County,1186
South Dakota,Jackson County,2776
South Dakota,Jerauld County,1660
South Dakota,Jones County,855
South Dakota,Kingsbury County,5276
South Dakota,Lake County,11031
South Dakota,Lawrence County,28053
South Dakota,Lincoln County,73238
South Dakota,Lyman County,3705
South Dakota,McCook County,5809
South Dakota,McPherson County,2334
South Dakota,Marshall County,4390
South Dakota,Meade County,30954
South Dakota,Mellette County,1851
South Dakota,Miner County,2280
South Dakota,Minnehaha County,206930
South Dakota,Moody County,6450
South Dakota,Oglala Lakota County,13434
South Dakota,Pennington County,115903
South Dakota,Perkins County,2834
South Dakota,Potter County,2413
South Dakota,Roberts County,10206
South Dakota,Sanborn County,2399
South Dakota,Spink County,6166
South Dakota,Stanley County,3043
South Dakota,Sully County,1494
South Dakota,Todd County,9199
South Dakota,Tripp County,5621
South Dakota,Turner County,9027
South Dakota,Union County,17183
South Dakota,Walworth County,5269
South Dakota,Yankton County,23517
South Dakota,Ziebach County,2322
Tennessee,Anderson County,80234
Tennessee,Bedford County,53055
Tennessee,Benton County,16103
Tennessee,Bledsoe County,15060
Tennessee,Blount County,141456
Tennessee,Bradley County,111579
Tennessee,Campbell County,40223
Tennessee,Cannon County,15063
Tennessee,Carroll County,28860
Tennessee,Carter County,57022
Tennessee,Cheatham County,42254
Tennessee,Chester County,17606
Tennessee,Claiborne County,32654
Tennessee,Clay County,7714
Tennessee,Cocke County,37404
Tennessee,Coffee County,60633
Tennessee,Crockett County,13982
Tennessee,Cumberland County,64760
Tennessee,Davidson County,712334
Tennessee,Decatur County,11656
Tennessee,DeKalb County,21225
Tennessee,Dickson County,56729
Tennessee,Dyer County,36498
Tennessee,Fayette County,44175
Tennessee,Fentress County,19696
Tennessee,Franklin County,44654
Tennessee,Gibson County,51045
Tennessee,Giles County,30721
Tennessee,Grainger County,24681
Tennessee,Greene County,72577
Tennessee,Grundy County,13955
Tennessee,Hamblen County,66216
Tennessee,Hamilton County,379864
Tennessee,Hancock County,6956
Tennessee,Hardeman County,25567
Tennessee,Hardin County,27229
Tennessee,Hawkins County,58600
Tennessee,Haywood County,17328
Tennessee,Henderson County,28070
Tennessee,Henry County,32554
Tennessee,Hickman County,25826
Tennessee,Houston County,8393
Tennessee,Humphreys County,19209
Tennessee,Jackson County,12363
Tennessee,Jefferson County,57838
Tennessee,Johnson County,18375
Tennessee,Knox County,500669
Tennessee,Lake County,6347
Tennessee,Lauderdale County,24610
Tennessee,Lawrence County,46114
Tennessee,Lewis County,13066
Tennessee,Lincoln County,36169
Tennessee,Loudon County,60591
Tennessee,McMinn County,55678
Tennessee,McNairy County,26163
Tennessee,Macon County,26793
Tennessee,Madison County,99193
Tennessee,Marion County,29382
Tennessee,Marshall County,36961
Tennessee,Maury County,110760
Tennessee,Meigs County,13691
Tennessee,Monroe County,48594
Tennessee,Montgomery County,239872
Tennessee,Moore County,6748
Tennessee,Morgan County,21573
Tennessee,Obion County,30411
Tennessee,Overton County,23327
Tennessee,Perry County,8891
Tennessee,Pickett County,5128
Tennessee,Polk County,18033
Tennessee,Putnam County,83844
Tennessee,Rhea County,33924
Tennessee,Roane County,56096
Tennessee,Robertson County,76776
Tennessee,Rutherford County,367101
Tennessee,Scott County,22171
Tennessee,Sequatchie County,17161
Tennessee,Sevier County,99415
Tennessee,Shelby County,910042
Tennessee,Smith County,20538
Tennessee,Stewart County,14222
Tennessee,Sullivan County,162135
Tennessee,Sumner County,207994
Tennessee,Tipton County,62015
Tennessee,Trousdale County,12271
Tennessee,Unicoi County,17756
Tennessee,Union County,20741
Tennessee,Van Buren County,6493
Tennessee,Warren County,42638
Tennessee,Washington County,138420
Tennessee,Wayne County,16066
Tennessee,Weakley County,33084
Tennessee,White County,28692
Tennessee,Williamson County,264460
Tennessee,Wilson County,163674
Texas,Anderson County,57736
Texas,Andrews County,18664
Texas,Angelina County,87319
Texas,Aransas County,25374
Texas,Archer County,9029
Texas,Armstrong County,1832
Texas,Atascosa County,51784
Texas,Austin County,31677
Texas,Bailey County,6672
Texas,Bandera County,22637
Texas,Bastrop County,110778
Texas,Baylor County,3463
Texas,Bee County,30850
Texas,Bell County,393193
Texas,Bexar County,2087679
Texas,Blanco County,13048
Texas,Borden County,572
Texas,Bosque County,18996
Texas,Bowie County,91687
Texas,Brazoria County,398938
Texas,Brazos County,244703
Texas,Brewster County,9513
Texas,Briscoe County,1445
Texas,Brooks County,6848
Texas,Brown County,38709
Texas,Burleson County,19475
Texas,Burnet County,53991
Texas,Caldwell County,49859
Texas,Calhoun County,19696
Texas,Callahan County,14374
Texas,Cameron County,426710
Texas,Camp County,13000
Texas,Carson County,5878
Texas,Cass County,28659
Texas,Castro County,7227
Texas,Chambers County,53876
Texas,Cherokee County,52217
Texas,Childress County,6788
Texas,Clay County,10738
Texas,Cochran County,2509
Texas,Coke County,3352
Texas,Coleman County,7842
Texas,Collin County,1195359
Texas,Collingsworth County,2563
Texas,Colorado County,21117
Texas,Comal County,193928
Texas,Comanche County,14050
Texas,Concho County,3297
Texas,Cooke County,43782
Texas,Coryell County,84878
Texas,Cottle County,1294
Texas,Crane County,4574
Texas,Crockett County,2858
Texas,Crosby County,4917
Texas,Culberson County,2196
Texas,Dallam County,7237
Texas,Dallas County,2606358
Texas,Dawson County,12004
Texas,Deaf Smith County,18347
Texas,Delta County,5520
Texas,Denton County,1007703
Texas,DeWitt County,19929
Texas,Dickens County,1711
Texas,Dimmit County,8257
Texas,Donley County,3214
Texas,Duval County,9604
Texas,Eastland County,18037
Texas,Ector County,164494
Texas,Edwards County,1393
Texas,Ellis County,222829
Texas,El Paso County,869880
Texas,Erath County,44195
Texas,Falls County,17286
Texas,Fannin County,37571
Texas,Fayette County,25474
Texas,Fisher County,3612
Texas,Floyd County,5090
Texas,Foard County,1079
Texas,Fort Bend County,916778
Texas,Franklin County,10735
Texas,Freestone County,20441
Texas,Frio County,17987
Texas,Gaines County,22523
Texas,Galveston County,361744
Texas,Garza County,4517
Texas,Gillespie County,27733
Texas,Glasscock County,1141
Texas,Goliad County,7144
Texas,Gonzales County,19930
Texas,Gray County,20916
Texas,Grayson County,146907
Texas,Gregg County,126243
Texas,Grimes County,32384
Texas,Guadalupe County,188454
Texas,Hale County,31761
Texas,Hall County,2818
Texas,Hamilton County,8619
Texas,Hansford County,5071
Texas,Hardeman County,3490
Texas,Hardin County,58261
Texas,Harris County,4835125
Texas,Harrison County,70895
Texas,Hartley County,5145
Texas,Haskell County,5385
Texas,Hays County,280486
Texas,Hemphill County,3189
Texas,Henderson County,86158
Texas,Hidalgo County,898471
Texas,Hill County,38101
Texas,Hockley County,21460
Texas,Hood County,67774
Texas,Hopkins County,38172
Texas,Houston County,22066
Texas,Howard County,30554
Texas,Hudspeth County,3451
Texas,Hunt County,113347
Texas,Hutchinson County,20033
Texas,Irion County,1549
Texas,Jack County,8875
Texas,Jackson County,15221
Texas,Jasper County,32694
Texas,Jeff Davis County,1856
Texas,Jefferson County,251496
Texas,Jim Hogg County,4720
Texas,Jim Wells County,38662
Texas,Johnson County,202906
Texas,Jones County,20381
Texas,Karnes County,15018
Texas,Kaufman County,185690
Texas,Kendall County,50537
Texas,Kenedy County,343
Texas,Kent County,734
Texas,Kerr County,53915
Texas,Kimble County,4442
Texas,King County,217
Texas,Kinney County,3148
Texas,Kleberg County,30069
Texas,Knox County,3302
Texas,Lamar County,51127
Texas,Lamb County,12711
Texas,Lampasas County,23262
Texas,La Salle County,6537
Texas,Lavaca County,20571
Texas,Lee County,18240
Texas,Leon County,16538
Texas,Liberty County,108272
Texas,Limestone County,22250
Texas,Lipscomb County,2906
Texas,Live Oak County,11584
Texas,Llano County,22875
Texas,Loving County,43
Texas,Lubbock County,320940
Texas,Lynn County,5761
Texas,McCulloch County,7452
Texas,McLennan County,268583
Texas,McMullen County,568
Texas,Madison County,13742
Texas,Marion County,9571
Texas,Martin County,5216
Texas,Mason County,3931
Texas,Matagorda County,36359
Texas,Maverick County,57762
Texas,Medina County,54797
Texas,Menard County,1958
Texas,Midland County,177108
Texas,Milam County,25951
Texas,Mills County,4548
Texas,Mitchell County,9075
Texas,Montague County,21598
Texas,Montgomery County,711354
Texas,Moore County,21190
Texas,Morris County,12066
Texas,Motley County,1020
Texas,Nacogdoches County,65375
Texas,Navarro County,55635
Texas,Newton County,12039
Texas,Nolan County,14306
Texas,Nueces County,352289
Texas,Ochiltree County,9704
Texas,Oldham County,1783
Texas,Orange County,85722
Texas,Palo Pinto County,29747
Texas,Panola County,22838
Texas,Parker County,173494
Texas,Parmer County,9617
Texas,Pecos County,14623
Texas,Polk County,54186
Texas,Potter County,114647
Texas,Presidio County,5795
Texas,Rains County,12986
Texas,Randall County,148255
Texas,Reagan County,3141
Texas,Real County,2854
Texas,Red River County,11678
Texas,Reeves County,11770
Texas,Refugio County,6666
Texas,Roberts County,840
Texas,Robertson County,17267
Texas,Rockwall County,131307
Texas,Runnels County,9868
Texas,Rusk County,53079
Texas,Sabine County,10106
Texas,San Augustine County,7833
Texas,San Jacinto County,28936
Texas,San Patricio County,70660
Texas,San Saba County,5845
Texas,Schleicher County,2391
Texas,Scurry County,16212
Texas,Shackelford County,3229
Texas,Shelby County,24179
Texas,Sherman County,2678
Texas,Smith County,245209
Texas,Somervell County,9888
Texas,Starr County,65934
Texas,Stephens County,9343
Texas,Sterling County,1397
Texas,Stonewall County,1218
Texas,Sutton County,3221
Texas,Swisher County,6955
Texas,Tarrant County,2182947
Texas,Taylor County,146836
Texas,Terrell County,687
Texas,Terry County,11547
Texas,Throckmorton County,1526
Texas,Titus County,31357
Texas,Tom Green County,119057
Texas,Travis County,1334961
Texas,Trinity County,14228
Texas,Tyler County,20382
Texas,Upshur County,43281
Texas,Upton County,3109
Texas,Uvalde County,24960
Texas,Val Verde County,47720
Texas,Van Zandt County,64000
Texas,Victoria County,91664
Texas,Walker County,81268
Texas,Waller County,63553
Texas,Ward County,10966
Texas,Washington County,37007
Texas,Webb County,269148
Texas,Wharton County,41739
Texas,Wheeler County,4804
Texas,Wichita County,130180
Texas,Wilbarger County,12522
Texas,Willacy County,20037
Texas,Williamson County,697191
Texas,Wilson County,54183
Texas,Winkler County,7414
Texas,Wise County,78097
Texas,Wood County,47921
Texas,Yoakum County,7468
Texas,Young County,18124
Texas,Zapata County,13736
Texas,Zavala County,9312
Utah,Beaver County,7233
Utah,Box Elder County,62684
Utah,Cache County,142393
Utah,Carbon County,20609
Utah,Daggett County,992
Utah,Davis County,373207
Utah,Duchesne County,20477
Utah,Emery County,10144
Utah,Garfield County,5314
Utah,Grand County,9706
Utah,Iron County,64211
Utah,Juab County,13023
Utah,Kane County,8425
Utah,Millard County,13437
Utah,Morgan County,13000
Utah,Piute County,1550
Utah,Rich County,2670
Utah,Salt Lake County,1185813
Utah,San Juan County,14358
Utah,Sanpete County,30277
Utah,Sevier County,22344
Utah,Summit County,42759
Utah,Tooele County,82051
Utah,Uintah County,37747
Utah,Utah County,719174
Utah,Wasatch County,37144
Utah,Washington County,202452
Utah,Wayne County,2614
Utah,Weber County,271926
Vermont,Addison County,37720
Vermont,Bennington County,37183
Vermont,Caledonia County,30610
Vermont,Chittenden County,169481
Vermont,Essex County,6010
Vermont,Franklin County,50994
Vermont,Grand Isle County,7467
Vermont,Lamoille County,26060
Vermont,Orange County,29943
Vermont,Orleans County,27516
Vermont,Rutland County,60271
Vermont,Washington County,60142
Vermont,Windham County,45966
Vermont,Windsor County,58101
Virginia,Accomack County,33239
Virginia,Albemarle County,115676
Virginia,Alleghany County,14595
Virginia,Amelia County,13480
Virginia,Amherst County,31396
Virginia,Appomattox County,16864
Virginia,Arlington County,234162
Virginia,Augusta County,78247
Virginia,Bath County,4051
Virginia,Bedford County,81525
Virginia,Bland County,6179
Virginia,Botetourt County,34125
Virginia,Brunswick County,15749
Virginia,Buchanan County,19087
Virginia,Buckingham County,16978
Virginia,Campbell County,55270
Virginia,Caroline County,32640
Virginia,Carroll County,29239
Virginia,Charles City County,6610
Virginia,Charlotte County,11336
Virginia,Chesterfield County,383876
Virginia,Clarke County,15466
Virginia,Craig County,4843
Virginia,Culpeper County,54973
Virginia,Cumberland County,9878
Virginia,Dickenson County,13640
Virginia,Dinwiddie County,28343
Virginia,Essex County,10598
Virginia,Fairfax County,1141878
Virginia,Fauquier County,75165
Virginia,Floyd County,15679
Virginia,Fluvanna County,28462
Virginia,Franklin County,55549
Virginia,Frederick County,95994
Virginia,Giles County,16457
Virginia,Gloucester County,40057
Virginia,Goochland County,27197
Virginia,Grayson County,15285
Virginia,Greene County,21301
Virginia,Greensville County,11133
Virginia,Halifax County,33432
Virginia,Hanover County,114148
Virginia,Henrico County,334760
Virginia,Henry County,49702
Virginia,Highland County,2339
Virginia,Isle of Wight County,40711
Virginia,James City County,82654
Virginia,King and Queen County,6720
Virginia,King George County,28568
Virginia,King William County,19030
Virginia,Lancaster County,10859
Virginia,Lee County,21745
Virginia,Loudoun County,436347
Virginia,Louisa County,41037
Virginia,Lunenburg County,12038
Virginia,Madison County,14128
Virginia,Mathews County,8514
Virginia,Mecklenburg County,30648
Virginia,Middlesex County,10924
Virginia,Montgomery County,98666
Virginia,Nelson County,14705
Virginia,New Kent County,26134
Virginia,Northampton County,12021
Virginia,Northumberland County,12391
Virginia,Nottoway County,15566
Virginia,Orange County,38574
Virginia,Page County,23741
Virginia,Patrick County,17509
Virginia,Pittsylvania County,59571
Virginia,Powhatan County,32105
Virginia,Prince Edward County,22049
Virginia,Prince George County,42871
Virginia,Prince William County,489640
Virginia,Pulaski County,33655
Virginia,Rappahannock County,7414
Virginia,Richmond County,9184
Virginia,Roanoke County,97026
Virginia,Rockbridge County,22358
Virginia,Rockingham County,86568
Virginia,Russell County,25477
Virginia,Scott County,21433
Virginia,Shenandoah County,45228
Virginia,Smyth County,29216
Virginia,Southampton County,17975
Virginia,Spotsylvania County,149588
Virginia,Stafford County,165428
Virginia,Surry County,6593
Virginia,Sussex County,10757
Virginia,Tazewell County,39120
Virginia,Warren County,41843
Virginia,Washington County,54050
Virginia,Westmoreland County,19013
Virginia,Wise County,35174
Virginia,Wythe County,28104
Virginia,York County,70952
Virginia,Alexandria city,155230
Virginia,Bristol city,16807
Virginia,Buena Vista city,6566
Virginia,Charlottesville city,44983
Virginia,Chesapeake city,253886
Virginia,Colonial Heights city,18393
Virginia,Covington city,5545
Virginia,Danville city,41837
Virginia,Emporia city,5463
Virginia,Fairfax city,25144
Virginia,Falls Church city,14685
Virginia,Franklin city,8339
Virginia,Fredericksburg city,28928
Virginia,Galax city,6717
Virginia,Hampton city,137098
Virginia,Harrisonburg city,51082
Virginia,Hopewell city,22752
Virginia,Lexington city,7528
Virginia,Lynchburg city,79535
Virginia,Manassas city,42696
Virginia,Manassas Park city,16361
Virginia,Martinsville city,13763
Virginia,Newport News city,183118
Virginia,Norfolk city,230930
Virginia,Norton city,3492
Virginia,Petersburg city,33309
Virginia,Poquoson city,12635
Virginia,Portsmouth city,96793
Virginia,Radford city,16971
Virginia,Richmond city,229247
Virginia,Roanoke city,97171
Virginia,Salem city,25600
Virginia,Staunton city,25915
Virginia,Suffolk city,100659
Virginia,Virginia Beach city,453649
Virginia,Waynesboro city,23182
Virginia,Williamsburg city,15847
Virginia,Winchester city,27617
Washington,Adams County,20820
Washington,Asotin County,22549
Washington,Benton County,215219
Washington,Chelan County,79997
Washington,Clallam County,77616
Washington,Clark County,521150
Washington,Columbia County,4053
Washington,Cowlitz County,112864
Washington,Douglas County,44798
Washington,Ferry County,7497
Washington,Franklin County,99034
Washington,Garfield County,2363
Washington,Grant County,102678
Washington,Grays Harbor County,77290
Washington,Island County,86267
Washington,Jefferson County,33714
Washington,King County,2271380
Washington,Kitsap County,277658
Washington,Kittitas County,45508
Washington,Klickitat County,23589
Washington,Lewis County,86154
Washington,Lincoln County,11738
Washington,Mason County,68389
Washington,Okanogan County,43712
Washington,Pacific County,24200
Washington,Pend Oreille County,14361
Washington,Pierce County,928696
Washington,San Juan County,18566
Washington,Skagit County,131417
Washington,Skamania County,12640
Washington,Snohomish County,844761
Washington,Spokane County,551455
Washington,Stevens County,48837
Washington,Thurston County,299003
Washington,Wahkiakum County,4765
Washington,Walla Walla County,61568
Washington,Whatcom County,231919
Washington,Whitman County,48012
Washington,Yakima County,256643
West Virginia,Barbour County,15378
West Virginia,Berkeley County,132440
West Virginia,Boone County,20576
West Virginia,Braxton County,12162
West Virginia,Brooke County,21373
West Virginia,Cabell County,92082
West Virginia,Calhoun County,5959
West Virginia,Clay County,7783
West Virginia,Doddridge County,7680
West Virginia,Fayette County,39072
West Virginia,Gilmer County,7254
West Virginia,Grant County,10921
West Virginia,Greenbrier County,32149
West Virginia,Hampshire County,23649
West Virginia,Hancock County,28145
West Virginia,Hardy County,14251
West Virginia,Harrison County,64639
West Virginia,Jackson County,27593
West Virginia,Jefferson County,59787
West Virginia,Kanawha County,174805
West Virginia,Lewis County,16500
West Virginia,Lincoln County,19701
West Virginia,Logan County,30827
West Virginia,McDowell County,17439
West Virginia,Marion County,55807
West Virginia,Marshall County,29405
West Virginia,Mason County,24765
West Virginia,Mercer County,58057
West Virginia,Mineral County,26867
West Virginia,Mingo County,22023
West Virginia,Monongalia County,107718
West Virginia,Monroe County,12382
West Virginia,Morgan County,17649
West Virginia,Nicholas County,24169
West Virginia,Ohio County,41194
West Virginia,Pendleton County,6029
West Virginia,Pleasants County,7428
West Virginia,Pocahontas County,7765
West Virginia,Preston County,34099
West Virginia,Putnam County,56962
West Virginia,Raleigh County,72356
West Virginia,Randolph County,27350
West Virginia,Ritchie County,8167
West Virginia,Roane County,13743
West Virginia,Summers County,11581
West Virginia,Taylor County,16388
West Virginia,Tucker County,6604
West Virginia,Tyler County,7919
West Virginia,Upshur County,23529
West Virginia,Wayne County,37686
West Virginia,Webster County,8045
West Virginia,Wetzel County,13890
West Virginia,Wirt County,5000
West Virginia,Wood County,83052
West Virginia,Wyoming County,20277
Wisconsin,Adams County,21449
Wisconsin,Ashland County,16079
Wisconsin,Barron County,46833
Wisconsin,Bayfield County,16769
Wisconsin,Brown County,271417
Wisconsin,Buffalo County,13419
Wisconsin,Burnett County,17092
Wisconsin,Calumet County,53199
Wisconsin,Chippewa County,66970
Wisconsin,Clark County,34774
Wisconsin,Columbia County,58091
Wisconsin,Crawford County,15944
Wisconsin,Dane County,575347
Wisconsin,Dodge County,88231
Wisconsin,Door County,30562
Wisconsin,Douglas County,44264
Wisconsin,Dunn County,45794
Wisconsin,Eau Claire County,107903
Wisconsin,Florence County,4682
Wisconsin,Fond du Lac County,103948
Wisconsin,Forest County,9325
Wisconsin,Grant County,51409
Wisconsin,Green County,36951
Wisconsin,Green Lake County,19344
Wisconsin,Iowa County,23956
Wisconsin,Iron County,6228
Wisconsin,Jackson County,20855
Wisconsin,Jefferson County,85743
Wisconsin,Juneau County,26594
Wisconsin,Kenosha County,167488
Wisconsin,Kewaunee County,20690
Wisconsin,La Crosse County,120486
Wisconsin,Lafayette County,16945
Wisconsin,Langlade County,19404
Wisconsin,Lincoln County,28405
Wisconsin,Manitowoc County,81331
Wisconsin,Marathon County,138612
Wisconsin,Marinette County,42106
Wisconsin,Marquette County,15838
Wisconsin,Menominee County,4226
Wisconsin,Milwaukee County,916205
Wisconsin,Monroe County,46151
Wisconsin,Oconto County,39775
Wisconsin,Oneida County,38226
Wisconsin,Outagamie County,193234
Wisconsin,Ozaukee County,93460
Wisconsin,Pepin County,7441
Wisconsin,Pierce County,43026
Wisconsin,Polk County,45762
Wisconsin,Portage County,71024
Wisconsin,Price County,14102
Wisconsin,Racine County,196613
Wisconsin,Richland County,17197
Wisconsin,Rock County,164278
Wisconsin,Rusk County,14143
Wisconsin,St. Croix County,96763
Wisconsin,Sauk County,65920
Wisconsin,Sawyer County,18552
Wisconsin,Shawano County,41109
Wisconsin,Sheboygan County,117752
Wisconsin,Taylor County,20058
Wisconsin,Trempealeau County,30899
Wisconsin,Vernon County,31170
Wisconsin,Vilas County,23885
Wisconsin,Walworth County,105822
Wisconsin,Washburn County,16930
Wisconsin,Washington County,138168
Wisconsin,Waukesha County,412591
Wisconsin,Waupaca County,51388
Wisconsin,Waushara County,24934
Wisconsin,Winnebago County,171735
Wisconsin,Wood County,73939
Wyoming,Albany County,38257
Wyoming,Big Horn County,12018
Wyoming,Campbell County,47498
Wyoming,Carbon County,14334
Wyoming,Converse County,13809
Wyoming,Crook County,7592
Wyoming,Fremont County,39815
Wyoming,Goshen County,12642
Wyoming,Hot Springs County,4661
Wyoming,Johnson County,8759
Wyoming,Laramie County,100984
Wyoming,Lincoln County,20880
Wyoming,Natrona County,79941
Wyoming,Niobrara County,2354
Wyoming,Park County,30735
Wyoming,Platte County,8546
Wyoming,Sheridan County,32519
Wyoming,Sublette County,8969
Wyoming,Sweetwater County,41249
Wyoming,Teton County,23232
Wyoming,Uinta County,20745
Wyoming,Washakie County,7710
Wyoming,Weston County,6808
